name,age,street,city,state,zip,lng,lat
Nathan Reeves,68,349 Nelson Viaduct,Dianemouth,Texas,42922,125.950216,89.5859565
Joshua Brown,54,571 Blake Walk Apt. 083,Edwardmouth,Hawaii,49281,22.375819,-8.5482505
Henry Kim,19,30668 Henry Terrace,Feliciahaven,South Carolina,80415,-0.777761,-29.200573
Jason Huynh,76,495 Smith Radial Apt. 378,East Erika,Idaho,82287,48.749617,24.8227255
Raymond Anderson,38,383 Juan Rapids,North Jessicahaven,Minnesota,45080,-74.142697,25.156717
Rodney Douglas,36,26960 Tina Glens,New Williamshire,South Carolina,73972,6.265392,59.917796
Richard Moore,23,4546 Whitehead Greens,West Stacieport,Minnesota,91643,-93.843369,70.7091115
Megan Martin,52,3358 Vanessa Point Suite 592,Timstad,Oregon,19523,33.450715,-72.682342
Katrina Mitchell,28,492 Steven Summit Suite 366,Lake Andrea,California,64613,6.224888,-21.600648
Eileen Lang,56,286 Williams Mews Apt. 344,Port Timothyfort,Utah,50838,67.927150,25.8827535
Sean Solis,65,484 James Manors Apt. 050,Fergusonmouth,Alaska,54504,-77.652863,-89.693651
Mr. Paul Garcia MD,25,742 Anthony Mount,Port Davidborough,Massachusetts,80760,-58.113201,17.8162355
Jonathan Thompson,27,625 Mariah Pine Suite 587,South Nancymouth,Connecticut,22336,-150.383817,54.9507265
Sarah Medina,59,23423 Phillips Field Suite 718,East Tina,Idaho,33939,-73.281298,61.900403
Ashley Sampson,45,551 Jackson Turnpike,Ianchester,Ohio,42911,99.183437,32.8407855
Michael Patterson,27,30017 Jackson Rue Apt. 786,Paceton,Hawaii,30218,-109.142137,68.9952665
Scott Rollins,67,23351 Michael Plains Suite 736,Johnsonborough,Vermont,74380,122.378760,-15.1646055
Robert Casey,66,637 Michael Way,Port Marthaburgh,Missouri,31974,-70.972743,38.4699815
Jessica Wheeler,59,608 Anderson Tunnel,North Rebecca,Virginia,39506,-170.292660,-42.893602
Richard Taylor,54,6433 Sanders Island Apt. 019,North Jacquelineton,California,40787,-95.075852,57.9230385
Jeffrey Reed,53,7347 Farrell Center,Penafort,Idaho,37762,110.026368,-89.416181
Robert Day,75,222 Jamie Run,Williamburgh,Montana,16385,47.007830,77.974408
Ian Martin,30,46325 Bradley Valley Apt. 448,Stephenland,Oklahoma,81977,66.557700,3.9188475
Charles Anthony,78,598 Daniel Extensions Apt. 045,Vasquezland,Wisconsin,41863,-159.367168,-19.7017685
Jo Cook,28,374 Laura Shore,Rebeccamouth,Texas,82899,34.626844,-12.3609935
James Gray,33,4812 Danielle Fields,South Scottmouth,Montana,04760,14.227891,-6.6300155
Tonya Adams,20,781 Kramer Club,West Nicolefurt,New Hampshire,11760,170.486168,-7.005060
Lindsey Johns,33,38334 Diaz Ridges,Danielton,Maine,47964,109.479465,26.1475705
Katherine Powell,57,86389 Gutierrez Tunnel,Lake Karen,New York,03027,-90.916157,28.3797335
Tyler Bullock,48,030 Andrew Union,Michaelfurt,Iowa,29061,-76.070000,3.233271
Jenny Hall,48,1844 Morgan Drives,Harriston,Oregon,86676,122.531157,82.881503
Joseph Brown,70,6499 Cheryl Tunnel Apt. 606,Stephaniemouth,West Virginia,65393,-8.927560,-69.070717
Austin Flowers,72,495 Jonathan Camp,East Jerry,Colorado,29287,-64.449528,71.0225895
Kaylee Stevens,69,263 Duncan Cliffs,Ashleyberg,Washington,28538,178.438902,29.2469245
Scott Hicks,61,41599 Chelsea Run Suite 269,West Sandyburgh,West Virginia,59115,-94.597213,-13.3761975
Maria Bailey,35,52058 Michelle Estate Suite 734,West Jimmy,Connecticut,29853,147.101713,-36.3236115
Jeffrey Freeman,35,54456 Mathews Street,Christophershire,California,55348,136.311471,40.762841
Kelly Davila,64,5913 Young Ferry,East Eric,New Mexico,54228,91.387670,-8.319265
Christopher Ali,52,974 Lopez Loop Apt. 829,North Sandra,Rhode Island,99068,6.155167,58.9159975
Mike Nelson,23,150 Guerrero Forges Suite 391,North Kathy,Wyoming,94957,90.424205,88.243624
Darrell Carey,71,417 Debra Divide,New Kevinberg,Vermont,07110,-151.315292,-83.2219715
Tracie Wilson,43,43594 Carroll Vista,Susanfort,Vermont,19388,-58.428152,31.7198955
Chad Benson,39,6948 Pearson Walks,East Tracy,Mississippi,98137,-30.055138,78.070945
Jon Simmons,33,44043 Catherine Loaf Suite 283,West Tracy,Mississippi,37358,-86.432508,73.204732
Vickie Shaw,67,35738 Williams Loop,West Ethanview,Arizona,02064,-138.972978,-83.733588
Matthew Newman DDS,40,74436 Linda Vista,West Michaelview,Georgia,52597,20.175084,-72.930400
Thomas Valencia,32,765 Donna Run Apt. 572,Wilsonville,Florida,70144,19.452631,-32.678406
Amanda Gomez,69,212 Charles Locks Suite 440,East William,Idaho,92263,37.352065,-71.477737
Kevin King,46,4060 Thomas Hollow,New Aaron,Massachusetts,33508,136.113180,-80.889326
Ashlee Davis,36,27889 Harrell Lakes,North Davidberg,Ohio,34083,85.502748,-80.649934
Amber Wagner,20,937 Kimberly Circles Apt. 532,Carolview,Georgia,21020,-145.708512,-13.0514295
Shari Sanders,35,27026 Ryan Parkway,New Marilynmouth,Texas,80544,-97.151903,23.477704
James Richard II,44,09087 Eric Green Suite 339,South Jessica,Georgia,74880,-126.351010,-4.1300075
Caitlyn Chandler,65,0438 Reed Island Apt. 971,Mcclainhaven,Washington,49959,147.824144,6.162875
Adam Williams,40,1130 Rodriguez Overpass,Mitchellberg,Wyoming,34077,-63.155106,32.844555
Dustin Mcconnell,43,5839 Garrett View,Nicolefurt,Tennessee,32135,100.452177,64.163390
Christine Hutchinson,18,463 Arthur Inlet Apt. 978,North Reginaldfort,Arizona,02889,16.943565,29.683530
Thomas Carter,70,9257 Teresa Ports Apt. 376,West Randall,Nevada,76286,-154.014385,41.9709735
Natasha Kidd,36,738 Sanders Pike,Joseburgh,New Hampshire,05409,121.924618,-50.8684065
Anthony Beck,47,48684 Maynard Track Suite 138,Parkerchester,Iowa,12377,63.281608,-35.468920
Tyler Gomez DDS,44,68965 Wu Courts Apt. 925,Guyfort,Colorado,54442,-38.828246,84.4933335
Brian Jimenez,22,501 Fox Ridges,Jenniferstad,New Jersey,22786,167.642048,-51.5479175
Amber Pennington,68,6238 Mccarthy Ferry,Burgessberg,Connecticut,38375,119.560277,-12.994967
Jessica Daniel,49,68158 Smith Drives,Christineborough,Idaho,04976,-74.966442,45.7238625
William Wilson,49,2732 Kim Road Apt. 315,West Tanyaborough,Tennessee,12926,-153.673315,13.7178015
Amy Neal,44,83856 Christopher Underpass Suite 061,North Nicholas,Missouri,10006,-46.846285,-0.927063
Tyler Smith,39,30535 Burton Junctions,North Diamondhaven,West Virginia,94186,1.027202,54.9372575
Jessica Arnold,64,58796 Fox Track,Pierceport,Alaska,11380,-102.275440,25.1557215
Kathleen Bryant,79,03895 Bailey Bypass,Dianeton,Texas,79413,92.041564,83.7454625
Andrew Horton,40,83511 James Squares Apt. 111,Port Benjamin,Michigan,84132,138.952323,86.297107
Heather Allen,42,44352 Torres Road,New Veronicaland,Massachusetts,03630,64.313275,18.066745
Christopher Gomez,19,8637 Bryan Trace Apt. 100,East Michael,Virginia,42093,-163.148616,25.759830
Jason Lucas,58,7690 Weaver Shore,Lindseyberg,Washington,04427,71.214715,62.2033695
Nicole Krause,77,786 Nicholas Rest,Edwardsville,Oregon,79375,142.436663,0.474520
Evan Powell,28,031 Williams Terrace,Port Christopher,West Virginia,22038,-85.431647,53.310795
Valerie Wilson,47,620 Lynch Walk,Port Teresa,North Carolina,23482,82.289062,76.681709
Mr. Shawn Hunt DDS,26,2410 Stephanie Passage Suite 010,New Brian,New Jersey,55400,-106.538899,-23.9928095
Emily Walters,31,62679 Maxwell Junctions,Robinsonfurt,Idaho,51646,132.620596,9.958733
Keith Robinson,46,1316 Weaver Trace Apt. 193,Thomasborough,Mississippi,07736,32.290293,4.7461515
Heather Gordon,22,6059 Shelley View Suite 256,Shermanland,Tennessee,23531,16.542668,-52.594997
Rebecca Mcmillan,62,3979 Chen Summit Suite 576,Kaylaborough,Rhode Island,22957,45.746513,-72.8068495
Sarah Rivas,31,2976 Lisa Road Suite 468,Jonesfurt,Michigan,35276,-169.231082,-12.0687895
Rachel Wilkerson,19,15621 Douglas Forges,New Davidside,Washington,72570,-155.612230,29.1337545
Shaun Powers,54,245 Davidson Club,East Wayneberg,South Dakota,53972,54.537179,-21.314823
Vincent Estes,72,262 Lawrence Valley,North Richardton,New Mexico,55971,-156.022393,-13.9063435
Richard Richardson,67,13566 Maria Roads Suite 787,East Rebecca,Washington,37525,-70.315509,-51.6200555
Maria Chambers,19,665 Miller Road Suite 986,Port Dianeland,Montana,14081,109.536744,-38.2354145
Janet Ramirez,41,144 Sandra Rue,North Matthewville,Delaware,32630,83.227532,-74.995731
Brian Garrett,56,829 Alexandria Heights Suite 747,Larsenhaven,New Jersey,79771,98.593879,-75.058153
Samantha Williams,55,25828 Benjamin Road Suite 475,South Donnamouth,Nebraska,47420,-94.144099,-38.8744495
Andrea Cook,55,88032 Tammy Ports Suite 897,Andersontown,Kentucky,07322,179.970319,-38.387119
Wayne Ford,21,41071 David Station Apt. 096,North Linda,Indiana,98484,150.561855,-37.167477
Valerie Thomas,74,1559 Bailey Spur,New Wesleytown,Georgia,16305,-161.973059,78.6893715
Ronald Vaughn,49,84649 Kathleen Hill Apt. 159,Ianchester,New Hampshire,60343,70.232474,49.3973615
Joshua Marquez,60,40577 Sarah Estates,Lake Michaelberg,Oklahoma,49919,6.109360,37.084688
Richard Jimenez,69,2138 Farmer Plains Apt. 223,Millerborough,Oregon,99520,-19.024474,-27.950261
Sandra Lowe,72,32995 Steven Bypass,Spencerburgh,Kansas,04668,-134.122478,72.5356535
Shannon Mcconnell,74,75687 Virginia Underpass,Lake Fredland,Hawaii,46923,-93.532181,-27.5035505
Amanda Mcknight,18,8074 Justin Streets Apt. 480,South Robert,South Carolina,48839,-118.429624,78.707045
Tina Cochran,24,3373 Robert Highway Apt. 626,Washingtonborough,Nevada,77402,85.793599,-34.759183
Lauren Arnold,60,179 Richard Expressway Apt. 537,Beckville,Wyoming,01903,-158.558993,-53.518053
Beth Casey,35,573 Walker Stream Apt. 586,Lake Emilychester,Alaska,58873,41.734886,73.4995225
Aaron Wilson,52,1761 Adams Overpass Suite 468,South Susan,Connecticut,58149,-26.186392,66.653177
Joseph Kelley,23,3468 Justin Turnpike Suite 355,Christianfurt,Wyoming,18945,1.024040,44.9791885
Jordan Larsen,54,2701 Stephens Fall,Stanleyfort,Missouri,27053,47.878425,-80.448882
Rebecca Baker,56,809 Stevens Burgs,East Timothy,Maine,12082,45.872730,12.381689
Cassandra Bowman,77,0482 Christopher Bridge Suite 059,East Danielle,California,15403,144.755842,33.3599625
Carlos Davis,21,9263 Schneider Causeway,Mackshire,Pennsylvania,55847,-13.471785,64.068154
William Stewart,70,629 Sherman Islands Apt. 856,New Katherine,Delaware,01797,-29.333070,-77.136247
Frank Watson,50,36288 Bauer Pass,Mcdonaldstad,New York,73630,-170.456199,10.368520
Russell Suarez,76,291 Murphy Wells Apt. 671,East Lorihaven,Nebraska,23934,-47.015463,-23.311221
Lisa Martinez,68,3189 Grace Extensions,Christensenbury,North Dakota,52416,100.237392,-49.338302
Nathaniel Munoz,44,287 Angela Unions Apt. 195,New Diana,New Jersey,08666,127.825334,-31.9184785
Jason Carpenter,56,19123 Taylor Springs Suite 890,South Megan,Nevada,59440,-47.292093,-79.3419875
Ricky Martinez,23,9023 Mary Roads Suite 182,East Jonathan,New Hampshire,38206,161.966047,-77.308939
James Sanchez,24,3035 Jason Mission Suite 004,Tammystad,Mississippi,99689,38.553842,81.892250
Christopher Wolf,47,7985 Moore Dale,North James,Arizona,86650,-83.028058,-47.348076
Jennifer Eaton,73,247 Farmer Cove Apt. 137,North Travisborough,Missouri,94965,17.860636,-36.731012
Elizabeth Russell,28,78597 Cunningham Circles Apt. 528,East Hayleytown,Mississippi,77987,-43.228441,-48.9020445
Steven Ballard,49,79046 Perez Forges,Lake Clayton,Florida,39571,-75.960988,60.106070
Jason Mcintosh,26,4012 Justin River Suite 004,Thomasmouth,Idaho,25817,162.485804,8.6552785
Tracey Herrera,72,284 Anna Rapids,Smithfort,South Carolina,62042,28.223454,6.903509
Alicia Mata,21,31092 Patricia Cape Suite 779,South Oliviaside,Washington,07395,45.971757,2.387708
Haley Nichols,45,5884 Wright Centers,Chasemouth,Missouri,22309,131.661956,-18.8259295
Louis Wilcox,62,04849 Williams Corners,Lisaville,West Virginia,11446,22.907008,-88.0125325
Michael Jones,55,33980 Baker Ford,New Joshuaburgh,Kentucky,18196,-130.454652,-57.0984365
Thomas Thomas,32,697 Gomez Village,Millerfurt,Hawaii,91375,-62.458983,78.7259115
Zachary Mcbride,70,8373 Moon Crossroad,Lake Amy,Florida,09128,73.876813,-85.0461685
Stephanie Martin,55,23383 Benjamin Squares Apt. 775,South Matthew,Maine,50114,-139.814791,8.7476005
Jennifer Duran,53,63052 Mckenzie Pass Suite 882,Hernandezhaven,Massachusetts,58236,17.160456,59.316551
Jacob Dunlap,68,057 John Forks,Benjaminfurt,Michigan,23900,-13.710402,-34.084328
Pamela Fisher,56,1774 Danielle Pass Suite 112,Garzamouth,Maine,35344,-43.220483,-13.9824075
Alicia King,55,0770 Selena Burgs,Michaelborough,Iowa,94107,149.435464,-82.2883445
Jessica Lowe,50,2094 Steele View Apt. 862,Johnsonmouth,New Hampshire,07660,66.520435,50.8586995
Kelly Hamilton,19,3195 Nancy Parkways,East Jodimouth,New Hampshire,90352,101.448310,-12.393687
Stephen Gross,64,988 Pearson Plaza,Kiddburgh,Virginia,04554,98.392827,48.816361
Lorraine Williams,47,974 Scott Neck Suite 837,New Jasonland,Vermont,66441,-61.889659,81.8659325
David Gutierrez,35,2169 Angel Turnpike,Holmestown,Maine,64098,6.817427,33.862480
Thomas Burnett,42,9865 Wood Loop Apt. 725,Mitchellberg,Mississippi,29499,-177.863378,-18.6884525
David Johnson,69,113 Simpson Forest Apt. 822,Osborneland,Nevada,27306,-64.550371,12.802926
Mrs. Kelly Alvarez,37,654 Alexandra Courts Suite 375,Molinaville,Connecticut,95468,83.222803,63.876489
Michael Marshall,22,761 Alicia Coves,Lake Brandonmouth,Delaware,56991,139.756399,-6.3272985
Eric Moore,35,5870 Mary Glens,East Scott,Massachusetts,86257,116.758518,-16.406323
Jennifer Douglas,31,0619 Moore Hill Suite 874,West Amychester,Maryland,93353,-20.431304,29.1836635
Kimberly Hudson,37,8997 Alexandra Vista,Morganchester,California,53076,142.541048,71.8821195
Elaine Ramirez,56,723 Bright Rest,Thomaschester,Washington,60499,-116.157179,19.155026
Alicia Montoya,24,9962 Bowman Radial,Peckmouth,Maine,76043,-42.552420,9.406988
Adam Sullivan,44,820 Le Corner Suite 151,Kimberlyside,Nevada,51689,-104.636975,45.408980
Dawn Moses,72,6827 Melissa Keys Suite 420,East Jill,Texas,98316,-72.120240,-0.488919
Richard Butler,66,23985 Aaron Brooks Apt. 618,North Gregory,New Jersey,86348,-69.924531,38.621048
Felicia Rivera,68,128 Jennifer Shore,Garciaborough,Vermont,30293,-11.749334,-15.4903495
Jessica Finley,22,6141 Ramirez Mountains Suite 979,Lake Jenniferberg,Illinois,36800,-46.432985,-51.801096
Grant Martinez,45,9287 Brooke Stream,Holmesberg,South Dakota,38027,126.438158,-5.8067205
Kyle Hampton,80,3401 Amy Mountains,Brianshire,Colorado,27757,-165.372960,74.870894
Timothy Whitaker,48,5584 Louis Field,Williamfurt,South Dakota,38851,168.969828,66.9424785
Matthew Hanson,52,944 Montes Lane Suite 711,Brittanyfort,Oklahoma,95711,-139.853290,-68.6375405
Christopher Mccarthy,31,265 William Track,West Jessicahaven,Nebraska,03158,83.424288,-55.125698
Steven Mendez,52,903 Fernandez Port,Lake Jeffreymouth,Louisiana,81496,-106.958625,56.205626
Eric Cantrell,28,56787 Mitchell Route,Pittmanstad,New Mexico,18665,-118.851466,45.493160
Chad Fritz,40,217 Keith Wall Apt. 154,Laraberg,North Carolina,74366,50.540356,-69.5612525
John Garcia Jr.,40,14351 William Route Apt. 336,South Robert,South Dakota,67640,-58.198974,-57.5795275
Kenneth Edwards,60,55872 Thompson Mountain,West Kevin,Arkansas,11156,-126.445760,-52.1757235
Shane White,57,28183 Corey Estate Apt. 061,Meganhaven,Tennessee,03898,87.990312,-55.0238135
Bethany Garcia,71,8633 Ochoa Street,Sanchezborough,Delaware,60425,40.988125,-73.8914105
Jack Brown,18,166 Robert Fords Apt. 746,South Mark,Kansas,81276,20.111491,-45.567667
Heidi Holt,80,617 Erica Drives,South Elizabethhaven,Maryland,77420,-127.309528,77.271963
Mr. Jerry Watson PhD,51,4426 Mary Mall Suite 426,East Shanestad,Nevada,57488,-59.045973,-8.0255675
Stacy White,73,02531 Johnson Streets,Johnnyview,Georgia,46492,137.213480,73.9178415
Kimberly Ingram,75,86332 Alan Cape Apt. 441,Ramirezborough,California,55496,-136.633931,37.905358
Shannon Shah,32,3090 Campbell Ranch,North Haileyfort,Virginia,86724,91.686482,-41.740325
Scott Lynch,41,339 Jacob Estate Apt. 525,North Josephfurt,New Jersey,56031,147.616424,-17.6939185
Penny Allen,61,71247 Perez Row Suite 644,West Heatherfurt,Vermont,14105,-70.983590,88.343905
Kelly Welch,46,16099 Jessica Village Suite 386,Stricklandville,Texas,28565,-146.615916,-61.239115
Courtney Cameron,53,1920 Jessica Street Apt. 174,Lake Heather,Iowa,72043,66.931201,-16.2143865
William Hinton,72,5855 Brown Lane,Lopezbury,Delaware,91185,-102.441243,70.3382495
Barry Jenkins,43,464 Knapp Harbors,Davieston,Missouri,33128,-124.825116,-10.1737665
Tony Lozano,75,93821 Evans Village Suite 183,Bryanstad,New Jersey,16033,-6.712556,-36.567330
David Gutierrez,58,32118 King Glens Apt. 564,Cartertown,West Virginia,03081,-129.577993,-61.5449885
Patrick Byrd,63,460 Scott Vista Apt. 910,East Toddview,Wisconsin,24080,168.233872,-78.3357525
Jesse Massey,59,867 Hughes Stravenue Suite 877,Robertsonhaven,Utah,73215,-81.334213,-87.063657
Aaron Jackson,39,33561 Campbell Mount Apt. 415,Port Jacob,Massachusetts,83499,-31.793380,49.0765905
Michael Singleton,75,19205 Tina Lane,Gentryfort,Indiana,63985,162.235276,6.345060
Larry Terry,52,637 Aguilar Summit Suite 730,East Davidton,New Jersey,38299,-0.614411,53.860788
Taylor Davis,58,04725 Haley Viaduct Apt. 666,Brookeshire,Maine,81794,-146.888896,-49.7191635
Benjamin Riggs,64,1265 Russell Terrace,Port John,New Mexico,99751,7.707978,71.0414025
Jim Richards,64,23422 Patrick Garden Apt. 259,East Alexis,Oregon,10163,16.102522,-38.0080035
Kelly Chaney,43,15804 Vanessa Roads,Maryfort,Washington,27276,-62.970636,-10.4019995
Stephen Jefferson,38,91443 Lindsey Roads Apt. 554,Wallsfort,Indiana,90136,38.849576,-7.128505
Andrew Curtis,43,9661 Foster Path,Amandastad,Michigan,83165,-98.194376,-7.731058
Jeremy Franklin,21,3995 Erica Motorway Suite 500,Kaneborough,Wisconsin,07745,19.871479,23.911581
Randy Cooley,30,143 Carter Port,Lake Todd,Oregon,38528,127.115737,45.389281
Travis Greene,69,46600 Pearson Mission,East Jonathanland,North Dakota,34430,131.266019,0.7094655
Diana White,32,966 Sara Plains,Port Erikburgh,North Dakota,99047,48.390509,-17.439884
Shawn Harmon,74,0844 Rodriguez Curve Apt. 112,Jaclynstad,New York,33049,-127.498284,72.2762895
Shelly Chapman,38,9348 Lester Shoal Apt. 079,West Andrew,Connecticut,01500,78.833125,69.837245
Alyssa Williams,47,671 Tyler Unions Suite 599,East Gregorystad,Nevada,45717,-7.121160,-0.409631
Jose Morgan,74,90653 Carpenter Skyway,Samuelfort,Michigan,29382,-54.650385,71.460182
William Doyle,58,96903 Lisa Prairie Suite 033,Turnerbury,Indiana,70491,-19.055165,-37.561047
Michelle Lee,64,26176 Christopher Inlet Suite 475,Hernandezside,Georgia,81889,153.649637,65.389040
Justin Deleon,64,517 Paul Canyon,Phelpshaven,Georgia,64628,-61.940469,-45.4218985
William Flores,73,2376 Armstrong Circles,Patrickburgh,Alaska,02982,110.567718,-45.9165405
James Schroeder,30,8667 Nicholas Haven,North Darrellton,Kentucky,08099,59.549972,83.3817275
Kelsey Sanchez,69,72593 Michelle Corners Apt. 431,Tonyachester,New Jersey,84187,-30.895177,-43.123058
Edward Rivas,65,77861 Colin Port,Crystalfort,Vermont,69556,83.147398,27.4772845
Amber Robinson,60,143 Cassandra Mountain Suite 646,Poolefort,Missouri,22675,-107.507683,-41.409073
Chad Wang,37,6377 Moreno Locks Apt. 700,New Aaron,Rhode Island,56580,112.520903,-87.012807
Mrs. Megan Gregory,44,69070 Robert Ville Apt. 956,East Nicholasland,Vermont,72830,42.267121,-4.9312405
David Guerrero,78,7983 Eric Meadows,Christopherbury,Arizona,07313,110.748366,72.716224
Samuel Melton,63,766 Jose Isle,Wilsonville,Nebraska,93306,168.560690,-87.689703
Sharon Henry,52,97772 Kyle Plains Apt. 673,Lake Tonyachester,Indiana,55433,-145.423749,-84.689273
Rebecca Watson,55,2762 Nicholas Cove,East Helenborough,Alaska,39954,124.253030,81.141127
Mr. Michael Hall,42,9472 Perez Key,Melissabury,New Hampshire,98541,-106.404218,79.435727
Laurie Berry,59,32196 Taylor Lodge Apt. 593,Port Nicoleburgh,Massachusetts,85350,33.858821,-63.749806
Emily Barnett,76,55242 Chapman Squares,New Lindseyhaven,South Dakota,17295,-146.127764,-88.4460855
David Smith,62,94316 Conway Trafficway,South Darryl,Illinois,88939,171.921210,23.827605
Adrian Cabrera,52,1239 Allison Valley Apt. 506,South Stanley,Massachusetts,28903,142.455317,15.898613
Jesse Hobbs,22,366 Rachel Station Suite 576,Greenhaven,West Virginia,37804,93.345688,40.0032425
Christopher Gibson,18,57025 Nicole Corner,Rickyland,Alabama,76591,-174.161052,-31.9267555
Barbara Fisher,72,06109 Andres Mission Apt. 697,Mariashire,Ohio,56129,143.139350,42.397248
Cindy Parker,43,5190 Gerald Village,Hernandezport,Connecticut,90868,85.196353,15.875201
Heather Wright,22,7189 Lewis Neck,South Heatherberg,Nebraska,52215,48.248923,48.0058195
Jeffrey Arnold,62,816 Williams Walk Suite 122,Suttonton,Kansas,63745,-59.506263,65.283098
Antonio Smith,62,83967 Navarro Courts Suite 676,Garciaport,Michigan,69308,161.172257,-24.0099955
Audrey Moore,26,069 Steven Brook Suite 879,Lake Jessicabury,West Virginia,05607,-109.506285,-8.3115225
Elizabeth Oneal,65,02644 Lisa Forges,Youngfort,Idaho,35273,168.524581,-37.698191
Raymond Jones,76,930 Green Valleys Apt. 866,Teresaside,Utah,88779,-47.081296,74.576831
Julian Green,30,38562 Russell Springs Apt. 354,South Stacy,Rhode Island,44331,117.122773,50.8625865
Rita Shaffer,47,686 Melissa Forest Apt. 777,Port Megan,Maryland,22171,-112.138146,70.594665
Brittany Ibarra,44,066 Alexandra Tunnel Apt. 884,Youngland,California,17658,116.440132,-64.1887745
Miguel Smith,63,8658 Manuel Path,South Curtisshire,Maryland,31850,-111.692101,-73.4062765
Catherine Davis,44,679 Hayes Path Suite 211,New Christopherchester,Alaska,38931,147.360392,74.0338735
Melinda Decker,61,7832 Anthony Motorway,Johnsonbury,Iowa,36099,-28.483253,88.1239675
Scott Wilson,30,6140 Salas Forest Suite 383,Port Michael,Rhode Island,82929,27.482636,35.8886025
Ann Davis,67,64017 Jill Mills Apt. 549,Laurashire,California,85404,176.157224,-44.153580
Stephen Rangel,44,2171 James Falls Apt. 092,Williammouth,Kentucky,01397,-113.791910,-2.5566335
Gloria Orozco,77,313 Megan Lodge,Coopermouth,South Dakota,74301,-70.745530,-40.637816
Ruth Fischer,68,5948 Mays Falls,West Amandafort,New York,47576,-12.075808,37.079015
Jenna Garcia,37,0303 Timothy Isle Apt. 794,Nelsonport,Virginia,93837,66.056911,22.658446
Richard Santos,57,63837 Frances Alley,Stacymouth,Rhode Island,42554,33.130014,-56.3977705
Leslie Andrews,43,415 Davis Lock,Davisshire,Nevada,81127,152.301768,42.2086775
Cynthia Riley,47,700 Sandra Haven,Kathleenshire,Arkansas,92890,66.412990,-6.4976265
Ryan Sanchez,41,231 Bradford Glens Apt. 659,South Jessica,Wyoming,54369,51.137316,-15.8143905
Jeremy Johns,19,4278 Gilmore Course,Lake Tashahaven,Washington,73875,157.488812,32.2702115
Amber Fox,70,5142 Johnson Roads,Lewisland,Nebraska,86278,69.958297,-8.2230685
Melissa Mclaughlin,61,556 Ball Parkway Suite 177,Charlesberg,Colorado,98311,-81.745448,49.6242605
Nicole Reid,18,23733 Rasmussen Islands,Gallegosland,Alabama,28473,-32.769826,-83.845914
Charles Adams,31,4524 David Center,East Georgeton,Texas,57261,101.112885,61.218971
Robin Kelly,33,5928 Laurie Parkways,New Jeffrey,New York,56818,136.474967,2.183467
Teresa Taylor,25,927 Sweeney Point,East Ericberg,South Carolina,19071,69.046607,46.2264935
Leslie Mills,68,2087 Evans Estate Apt. 992,East Emmaborough,Delaware,52992,42.613264,-75.382760
Mark Gutierrez,18,91023 Melton Lake,Port Kenneth,Utah,86459,-176.780222,-26.574592
Spencer Smith,60,37264 Freeman Meadows,Fullertown,Vermont,67866,-23.658154,60.1777675
Jared Blake,45,69724 Dean Motorway Apt. 476,Pinedamouth,Louisiana,95802,-119.577153,59.6534425
Carolyn Rodriguez,70,5853 Morgan Stream,Victoriamouth,West Virginia,82251,104.796437,-88.464111
Taylor Rich,34,41877 Zachary Common Apt. 842,Markbury,Rhode Island,78919,-153.482325,10.6002435
Guy Hayes,76,193 Waters Gateway Apt. 001,Port Ronaldville,Oklahoma,14621,-131.565336,80.665275
Autumn Roberts,23,7095 Scott Villages,North Kathleentown,Iowa,77970,79.411911,-38.1536595
Christopher Gomez,35,4024 Sarah Ville,New Collin,Washington,13861,-65.551328,81.583139
Clayton Wiley,80,729 King Mews,Port Cherylberg,Minnesota,40543,25.922170,-43.9425005
Angel Mendoza,65,282 Mcdonald Estates Apt. 759,New Heatherborough,Hawaii,51394,63.213230,68.406369
Robert Buck,65,6081 Kimberly Hollow,Lake Mariaport,New Jersey,11786,-8.246845,-26.755225
Jon Cross,80,79207 Rachel Ferry Suite 499,West Theresa,Pennsylvania,32829,-129.600933,-18.3681415
Amanda Riggs,32,79437 Diaz Roads,Lake Stephanieport,Arkansas,27944,119.010812,66.487071
Brandon Paul,31,226 Marie Forge,North Allison,South Carolina,51557,18.556391,75.0965315
Joseph Smith,33,12669 Bryant Camp,West Ricardomouth,Illinois,70211,-143.292235,71.4295975
Cassandra Wright,31,125 Cheryl Ramp,West Justin,Idaho,42422,78.760104,70.870911
Thomas Henry,51,58992 Randy Mission Suite 490,Johnshire,North Carolina,50903,-33.180991,39.2010675
Elizabeth Hunt,28,937 Franco Village,North Lauraberg,Wisconsin,42221,-153.902462,-28.6669675
Michael Ellison,59,774 Jason Field Apt. 170,East William,Maine,42077,-116.762060,-24.7363485
Dawn West,21,4782 Amy Key Suite 967,East Danielville,Mississippi,91508,18.114485,-25.4926585
John Smith,73,829 Jason Curve,Smithborough,Florida,26542,70.418905,52.3632825
Emma Jones,24,888 Garcia Passage Suite 766,Russellville,Illinois,79156,-136.670782,-71.457945
Stephanie Diaz,76,205 Kimberly Estates Apt. 436,Lake Ryanview,Delaware,65559,1.751808,-22.459618
Kevin Perez,41,7478 Megan Ridge,Teresaside,Kentucky,53977,73.005686,-68.0127725
Amy Turner,51,44754 Summers Trafficway Suite 142,Richardsonmouth,Pennsylvania,36097,77.118859,71.5120235
Kristen Gould,62,37575 Zimmerman Lock,South Matthew,Massachusetts,29650,-107.537368,-77.2460355
Matthew May,75,219 George Inlet Suite 375,Faithton,Alabama,77910,-97.994738,63.551907
Jason Hubbard,57,63288 Cook Run Apt. 256,Pamelashire,Texas,28269,-115.948757,26.983238
Michael Petersen,21,79546 Darlene Falls Apt. 904,Johnton,North Dakota,49597,55.698291,83.992741
Alison Prince,38,0777 Jacob Corners,New Andrew,Michigan,08178,-70.382220,6.0925175
Caitlin Yu,52,3017 Goodman Mission,Mcmahonberg,Kansas,56203,11.911031,-68.6557715
Jessica Sandoval,66,1278 Smith Forest,North Mason,Utah,06830,11.592054,28.7837925
Angela Rodriguez,40,030 Robert Park,Nicholsonhaven,Rhode Island,10265,99.458076,-22.858135
Karen Medina,70,22227 Christopher Mall,Rochaland,Nebraska,32812,-33.984421,-41.680659
Kaitlyn Moody,21,523 Perkins Rapids,East Alexander,Kentucky,25108,-61.344065,-68.5465605
Martin Johns,24,9610 Gary Drive,Matthewsborough,Mississippi,59353,4.303308,-16.246831
Wendy Gutierrez,48,01211 Kathryn Square,North Julieville,Virginia,31545,171.623532,-88.148445
Rebecca Barrett,29,97560 Angela Overpass,West Scottfort,Virginia,72325,-116.503507,-18.947058
Daniel Hale,40,0579 Gibson Lights Apt. 565,Port Matthewmouth,Colorado,68278,-41.861598,-86.4786155
Kayla Baxter,60,153 Cathy Island Apt. 308,Richardfurt,Oregon,47491,-85.294301,-17.5882415
Mrs. Laura Knight,64,3377 Nancy Dale,Burnsburgh,Minnesota,76348,-57.730803,-34.055284
Pamela Smith,29,957 Conner Rest Suite 302,Brookeshire,New Hampshire,91143,6.440875,0.2673915
Jennifer Rodriguez,54,496 Elizabeth Mills Suite 961,Monroechester,Oregon,86995,-115.701759,-76.767230
Steven Hall,27,03407 William Spurs Suite 658,Sandovalberg,Virginia,59985,-29.117629,33.159335
Robert Herman,60,10348 Michael Forest,West Jason,West Virginia,11894,-18.811142,66.1978865
Dustin Cole,23,4961 Jefferson Ramp,Port Kimberly,Indiana,72524,-106.114301,-42.7531385
Philip Perry,25,0460 Rodriguez Landing,Port Heatherberg,Louisiana,93334,-0.365599,-9.798751
Kelsey Frederick,31,4598 Laura Mission Suite 236,North Sarah,Texas,47653,69.551149,8.056790
Thomas Mack,52,636 Kelly Road Suite 888,North Keith,Iowa,88710,177.625230,30.596121
Mark Turner,45,26699 Morse Crescent,Port Benjaminside,Mississippi,32838,-88.560749,44.567364
Adam Hamilton,73,5822 Tucker Rue Apt. 476,Moralesview,Massachusetts,69021,153.232751,-59.1504675
Kathleen Nguyen,59,7771 Christopher Glen,Hodgeborough,Oregon,10921,-179.888239,-39.7576645
Tammy Haynes,35,7476 Derek Club Suite 838,Port Davidshire,Colorado,35209,152.162284,-70.273217
Timothy Herrera,58,1302 Kevin Rapid,New Gina,Minnesota,28809,-153.089244,-67.749441
Jennifer Vang,41,1312 Christian Trail,Port Jeremiahberg,West Virginia,06533,90.082472,3.8475375
Morgan Perez,43,786 Angelica Spurs,Port Davidville,Montana,99919,159.753464,-41.821911
Courtney Solis,52,48316 Guzman Throughway,Morganview,New Mexico,94637,-44.331248,-19.8420955
Jessica Obrien,60,529 Murphy Place,New Jamesside,Colorado,34632,-5.288754,3.392282
Amber Jones,35,363 Christina Square Suite 262,Gilmoreberg,Kentucky,78649,-47.230004,4.6044595
Nicolas Brown,68,032 Nelson Trail Apt. 804,Angelamouth,Arizona,68486,21.290549,-38.433686
Jessica Stein,25,82502 Alexandria Mountains Suite 614,Ballardstad,New Mexico,81738,-161.230386,-63.8845105
Elizabeth Dixon,26,440 Simpson Viaduct Apt. 245,North Alison,New Mexico,92320,-26.413224,56.232586
Erica Taylor,63,95856 April Lock,East Natalie,Georgia,59493,43.892958,25.958054
Mark Dunn,23,3711 Norma Spur,Robbinsmouth,Montana,88631,78.041971,-35.7530285
Laura Ray,72,5570 Mason Hollow Apt. 902,West Victoria,Tennessee,94221,-50.328137,6.879095
Ronald Golden,71,51836 Wallace Plaza,West Jason,Delaware,29033,150.565211,-45.7273035
Zachary Smith,27,289 Jessica Tunnel Suite 657,Stacytown,Alabama,80311,143.705952,25.8926805
Sarah Strickland,38,711 Hansen Plaza,New Natalie,North Dakota,52452,-49.561284,-70.4352735
Ashley Evans,25,88478 Andrew Station,Robinsonchester,Mississippi,75612,-95.112903,-6.181558
Christopher Guerrero,41,940 Dyer Run,Shelialand,Wyoming,11878,-150.231365,-42.334724
Kimberly Douglas,74,0666 Kevin Ford Apt. 026,Lake Lori,Tennessee,76046,-140.265059,41.7057545
Marissa Carter,68,827 Hart Greens,Erikside,Alabama,93957,-114.071739,-3.3457495
Johnathan Moore,55,027 Jack Keys,North Thomasview,Oregon,38276,-88.128355,14.7868885
Jessica Campbell,57,7311 Fisher Flats,South Raymondmouth,Mississippi,26828,-123.437643,24.2502395
Alison Esparza,44,6125 Sarah Road Apt. 229,Cohenton,New Mexico,29625,-176.323517,3.388386
Steven Gonzalez,42,1582 Carla Mountain,Kathleenport,Michigan,52941,-30.170219,83.2600145
Steven Andersen II,70,9522 Melissa Walks,Jacobsonfurt,Idaho,80561,65.171903,68.842284
Sarah Moore,71,939 Mckay Street Apt. 866,Lake John,Ohio,43614,-56.862964,20.809602
Nicholas Ibarra,21,5602 Wolf Lakes Suite 808,East Jeffreyborough,Washington,01968,-71.111760,-51.3538135
Jeffrey Cooper,30,3443 Shaffer Row,East Tyler,Iowa,82182,-109.352999,-51.7585275
Morgan Washington,35,0939 Daniel Loaf,Dennisport,Louisiana,11346,-169.803959,49.658537
Gregory Rose,59,092 Alexandra Manors Suite 791,Saraville,Idaho,96045,-135.759611,5.633232
Denise Garcia,34,92205 Herrera Harbor,Port Michael,New Mexico,04218,-145.567293,60.7087755
Laura Foster,25,29675 Harrison Lodge Suite 552,Hugheston,Kentucky,37112,-31.539153,77.6553745
Catherine Long,47,73729 Michelle Divide Suite 908,East Amandatown,Colorado,46151,-7.524079,-38.181172
Laura Turner,30,14197 Anthony Lock,North Deniseshire,Vermont,96578,-142.677266,28.787068
Reginald Clark,73,19855 Ramsey Views Suite 500,West Austin,Colorado,04497,-80.277308,0.353160
Lisa Mcintyre,30,13885 Cole Neck Suite 343,Port Marie,Montana,13115,66.652178,-42.391523
Robert Welch,43,00021 Paul Pike Suite 108,East Sabrinachester,Mississippi,43139,49.172348,1.5158115
Alyssa Norris,23,11503 Kimberly Path Apt. 767,North William,West Virginia,62731,-12.077213,1.8127975
Donald Clark,46,43019 Sean Vista Suite 368,Wardport,New Hampshire,14446,-168.499614,-41.991020
Heidi Gonzalez,77,685 Cummings Village Apt. 415,Starkborough,Idaho,27993,16.894330,-39.640128
Mary Walker,56,643 Barnes Creek,Port Christianton,Arizona,36555,-145.821311,57.5334435
Victoria Pittman,65,22389 Olson Vista,Lake Nichole,Kentucky,62916,-126.270579,-78.3567415
James Woodard,71,2984 Jay Village,Dwaynechester,Iowa,12279,-7.399982,-32.1392675
Leslie Spence,52,48699 Harris Islands Suite 817,New Marissa,Maryland,85769,7.436820,22.3864315
Angela Freeman,24,76886 Shannon Burgs Suite 432,Lorihaven,Indiana,99503,167.942785,-73.991312
Cassie Mcdaniel MD,70,734 Ferrell Extension,South Yesenia,Oklahoma,31114,-19.898675,-26.713820
Steven Richardson,53,990 Derek Brooks Apt. 570,Royview,Alabama,27937,70.182410,-5.516073
Jenna Miller,48,84686 Kimberly Island,Westfort,Tennessee,55356,78.255962,43.956629
Lacey Bailey,50,712 Jesse Knolls,West Tammy,Kansas,64977,-41.063063,41.616823
Christopher Hall,66,392 Tyler Islands Apt. 963,South Jonathanborough,South Dakota,12032,6.827944,3.7269495
Laura Mccarty,64,5043 Tami Burgs,Huberburgh,New Hampshire,67194,-173.726725,72.8734435
Kristie Robinson,47,1174 Rachel Loaf Apt. 678,Davidfort,Wisconsin,86289,137.925162,29.3423925
Renee Goodwin,71,018 Parsons Rue Suite 704,Port Emilymouth,Tennessee,66219,33.617038,-2.607864
Natalie Lowe,30,38938 David Alley Suite 372,Bartonton,Wyoming,40306,-174.343232,-34.080330
Carrie Smith,47,041 Moore Springs,Henrymouth,Colorado,79779,152.306537,44.724082
Kyle Smith,72,98462 Williams Fork Apt. 877,New Robinmouth,North Dakota,86922,-173.976691,32.4858305
Robert Cline,76,11258 Patterson Stravenue Suite 148,Barbaratown,Idaho,12275,75.915964,-36.1340465
Alicia Parker,73,3004 Sheila Overpass,New Matthew,Arizona,02205,-142.729109,-67.407127
Christine Bennett,34,60466 Melton Estate,East Marisafort,Montana,11053,-108.003138,-36.1338505
Justin Jimenez,46,30615 Bennett Pine,Tuckerbury,New York,76803,-170.606814,52.8049755
Stephen Hansen,68,988 Li Springs Suite 222,East Garyhaven,Louisiana,76455,-132.023876,-16.640733
Walter Haynes,79,83479 Jamie Loop Suite 949,West Deannaburgh,Montana,29563,35.747485,-77.9655455
Anthony Williams,20,44153 Cannon Hills,East Matthewshire,California,56740,38.762672,34.2723865
Pamela Rodriguez,37,3704 Lee Lodge,Alexandermouth,Hawaii,14060,113.015110,-27.315731
Miss Tiffany Carter,61,786 Matthew Meadows,New Terrychester,Maine,74293,17.641630,17.7352555
Jason Wallace,19,604 Judy Roads,Christopherville,Maine,46688,-59.240078,7.904898
Tracy Clark,44,8775 Guerrero Trace,Markshire,Mississippi,03101,78.465254,35.018347
Stephen Collins,31,0161 Anne Pass,West Dillon,Michigan,15801,-163.687334,-50.019229
Melody Jones,76,93291 Mary Land,Coxland,Delaware,78831,68.022833,-15.2613905
Karen Moore,29,9979 Megan Run,West Gary,Louisiana,98095,143.065861,-10.1102845
Joseph Hall,44,143 Higgins Estates,New Stephen,Massachusetts,96660,-108.106290,10.5212805
Samantha Snyder MD,77,379 Caroline Mountain,Lindaburgh,South Carolina,42962,128.661278,40.3332055
Dean Johnson,20,783 Justin Circles Apt. 112,North Sydneyhaven,Louisiana,65140,-19.832276,-37.190453
Erik Warren,61,66499 Lauren Locks Apt. 732,South Davidhaven,Arizona,55523,-85.538772,-35.069702
Megan Ford,21,003 Shea View,West Markburgh,Idaho,83297,73.345368,-50.0512955
Phillip Wells,29,718 Mendoza Overpass,Smithmouth,Oregon,36575,137.263677,-84.913996
Douglas Munoz,78,6565 White Port,Brennanton,Texas,75551,72.090275,-88.3415125
Crystal Maxwell,80,2498 Alexander Haven Apt. 349,Lake Julia,Arkansas,13734,158.593639,27.432246
Kayla Harper,76,8157 Johnson Fords,Velezmouth,Delaware,01719,-17.116405,59.138378
Tonya Whitaker,47,203 Grant Union,Lake David,Michigan,08330,-127.521830,-56.7083475
Maria Richard,32,16098 Timothy Street Suite 631,New Paulland,Nevada,13939,131.460580,-15.182827
Edward Thornton,80,16089 Cowan Creek,Bonillatown,Kentucky,20127,141.429542,-49.0352775
Sheila Washington,30,5686 Dennis Stream,Hudsonbury,Missouri,71484,-119.246373,-1.034846
Mary Garcia,35,7900 Diane Mountain Apt. 819,East Jasonfurt,Montana,25316,-78.526414,-56.7716755
Ernest Wiley,30,625 Sloan Avenue Suite 355,West Pamelamouth,West Virginia,45530,149.239676,-52.4701575
Eric Burnett,33,994 Michael Island Apt. 173,West Daniel,Delaware,57954,-106.023278,-9.338014
Jennifer Lee,71,65476 Tapia Trace Suite 713,Port Julieborough,Rhode Island,57252,-30.329141,83.099635
Jason Patterson,20,561 Brittany Rapid Suite 970,Lake Jeremyland,Wyoming,33103,85.215712,34.7730745
Michelle Jordan,31,9216 Grant Wall Suite 807,Brianport,Ohio,49639,-8.269632,11.108394
Angela Burch,25,642 Jesse Port Apt. 753,East Matthewtown,Arizona,35914,104.895239,17.5328095
Elizabeth Olsen,22,68902 Jorge Road,Port Mario,Vermont,24254,61.591999,28.7263945
Patrick Kline,24,168 Sean Path Apt. 616,Sanchezport,Delaware,79167,-48.060628,-66.541453
Kimberly Hobbs,37,3848 Richard Valleys,Leonardshire,Rhode Island,94855,-97.026469,-80.273872
Wendy Camacho DVM,72,732 Harrington Valley,Lake Christopher,Indiana,22507,-159.745968,-78.016162
Whitney Roberts,25,658 Johnson Common Suite 391,East Michael,Indiana,59770,51.552915,53.197689
Richard Medina,34,866 Linda Landing,Edwardsville,Alabama,98348,99.986027,32.343819
Anthony Taylor,74,13776 Johnston Lock,Bryanfort,Indiana,17343,-128.591170,34.971751
Maria Miller,47,7258 Martin Union Apt. 773,South Brettshire,California,05847,126.340036,-58.2336255
Sandra Sullivan,76,2872 Elizabeth Hollow,Williamsfurt,Louisiana,37586,-31.222166,-45.3006545
John Thomas,38,26852 Jeffrey Harbor,West Robin,California,43438,107.112097,-44.5195205
Andrew Rush,65,4871 Diana Run,East Richard,Oklahoma,56223,-115.265964,-15.798778
Bridget Cardenas,75,940 Harry Shoals,Lake Melissabury,Rhode Island,34400,103.655476,-17.2158685
Samantha Hunter,59,2141 Louis Parkway Apt. 357,Coxfurt,Wyoming,30148,-120.030502,62.1161325
Samuel Fisher,62,6830 Buchanan Lane Suite 451,Port James,West Virginia,39612,123.718626,-3.051560
Robert Santos,58,7900 Vanessa Plaza,Port Johnland,South Carolina,49495,38.956070,-64.4260925
Scott Wilson,30,502 Michael Rapids,West Susan,Maine,85719,-88.260510,2.162124
Daniel Atkinson III,64,7513 Nelson Ridges Apt. 288,Aguirrefurt,Nevada,12998,-18.509413,66.9829605
April Russo,39,39052 Gregory Radial Suite 136,South Melissa,Oklahoma,63559,165.245058,50.6200105
Michael Fisher,74,6463 Alejandro Shoal,Benderview,New York,83830,170.476189,43.206154
Ashley Petty,40,77113 Juan Wells Apt. 194,Bennettburgh,Alabama,19691,143.546229,77.711116
Kevin Lewis,39,89845 Freeman Plains,South Johnview,California,73136,23.146148,-75.3732045
Andrea Anderson,40,409 Lori Place,West Danielburgh,Nebraska,90691,-110.569926,27.4886325
Joshua Miller,44,937 Michael Passage Suite 874,Codystad,Tennessee,95726,-135.154134,69.739537
Cory Flores,74,935 Bradley Inlet Apt. 464,South John,Connecticut,69511,179.816284,74.304238
Michael Williams DVM,49,778 Daniel Burgs Apt. 100,Lisaview,Oregon,49120,-13.371089,-31.925833
Mark Higgins,54,60999 James Points Suite 563,West Johnstad,Idaho,10591,132.631604,-68.9516495
David Davis,65,61823 Sullivan Villages Apt. 261,West Daniellefort,Iowa,53499,-136.165292,-69.995260
Tim Smith,45,4236 Angela Pass,Mcculloughville,Alaska,92022,-84.798079,18.1016505
David Patton,64,9308 Nichole Neck Suite 676,New Ryanberg,Michigan,68826,-153.091043,-67.810140
Lisa Horne,76,196 Smith Pine Apt. 856,Codybury,Maryland,56743,84.176917,45.017864
Charles Anderson,22,17247 Danielle Centers,Port Brittney,Virginia,50000,-49.389975,45.597714
Wendy Garrison,20,436 Julie Mission Apt. 083,New Connieland,California,12559,7.306872,33.0520025
Jason Stephens,57,218 Norris Fork,West Jenniferton,Oklahoma,97188,97.455639,-24.891103
Robin Shaw,47,313 Alex Stream,New Timothyburgh,Maryland,52646,131.947301,32.203572
Patricia Pierce,64,7158 Nicole Springs Apt. 572,Rodriguezport,Kansas,07842,-6.375969,-1.315308
Jonathon Olson,41,219 Mason Oval Suite 921,Ericbury,Louisiana,25643,-36.642291,-15.0517275
Grant Berg,66,479 Holland Mountain Suite 454,Johnchester,Hawaii,30893,155.153236,76.762424
Stacy Wilson,19,2433 Shelby Ports Apt. 350,Juanhaven,Missouri,29499,8.806581,57.445292
Howard Miles II,48,49615 Gomez Plains,Port Ryanborough,Oregon,11346,75.161366,85.9372065
Carlos Robinson,42,02472 Nicole Ford Suite 855,South Davidfurt,North Dakota,59741,92.532411,72.7974815
Ashley Olson,79,023 Houston Lock Apt. 367,East Thomasport,California,19699,-145.909751,-49.3562625
Micheal Grant,38,22751 Frederick Extensions Suite 288,West Brenda,North Carolina,61428,-74.741186,11.091137
Xavier Hart,39,94977 Clark Burgs Suite 849,West Jason,Ohio,70350,-25.900142,-71.266042
William Wolfe,59,689 Pope Groves,New Erichaven,Maryland,44958,128.243487,21.164983
Monica Bennett,20,86607 Jessica Burgs,Gillmouth,New Jersey,06231,148.019249,61.024022
Tricia Stone,73,315 Angela Expressway,East Danielfurt,Washington,06372,32.047127,-46.246128
Sarah Johnston MD,23,7255 Burke Lane Apt. 229,Port Gregory,Kansas,45579,0.737731,69.839114
Drew Castillo,55,3440 William Key,Grahambury,New Jersey,74412,121.017106,-42.799119
Amy Salazar PhD,41,0865 Baldwin Vista,Lisaview,Michigan,65111,129.210399,-45.828945
Elizabeth Foster,43,72971 Ashley Lock,Johnton,Tennessee,07229,46.681722,78.3490455
Marissa Miller,53,21002 Jennifer Plain,Jenniferborough,South Dakota,72387,93.426679,-35.9454275
Jon Villarreal,44,854 Keller Curve,East Dylanmouth,Maryland,26967,-20.026438,-50.0918455
Bruce Villegas,74,760 Loretta Square Apt. 413,New Traci,Maine,42566,150.475454,39.686045
Yesenia Buckley,23,4383 Bennett Crescent Suite 607,Kevinfort,North Dakota,72994,-35.424345,21.8932285
Brian Garza,33,29724 Brown Ports Suite 419,Perezmouth,West Virginia,04687,171.919075,-83.494208
Justin Johnson,39,68160 Baker Island,Ericton,Wisconsin,38605,-45.984007,20.2197895
Bryan Ayala,60,194 Barnes Heights Apt. 732,South Victor,Massachusetts,82536,-27.111491,87.543947
Daniel Elliott,78,553 Martin Cliffs Suite 810,Stephenside,Tennessee,75176,130.995154,-45.4580265
Nicholas Gamble,65,9702 Walker Alley,Ramirezton,Kansas,22236,96.171379,83.7613355
Thomas Lawson,34,01983 Justin Brook,Castilloside,Colorado,64519,-153.456893,-49.5362295
Christopher Price,75,2955 James Ridge Suite 167,East Robertstad,Wyoming,55831,-69.776450,-17.9456785
Laura Ellis,47,2883 West Cove Apt. 763,Jasmineshire,Hawaii,89206,-52.896731,50.866844
Lisa Adams,65,239 Garrett Mews,Jeremyton,Maryland,41883,87.177638,19.1764355
Amanda Davis,42,41978 Anderson Oval Apt. 405,South Toddtown,Iowa,80150,86.944320,2.507685
Brian Patterson,53,9271 Mark Mission Apt. 229,North Jesse,Ohio,03454,-47.828596,55.231074
Jessica Murray,48,614 Chang Forges Suite 436,Chaseland,Nevada,00509,-80.095373,72.379399
Craig Brown,42,928 Johnson Lane Suite 940,Timothybury,Connecticut,48813,-8.108988,-60.016519
Michael Orr,76,251 Keith Center Apt. 781,Kimberlyfort,South Dakota,38933,-64.940422,-9.2963855
Candace Brown,65,336 Hawkins Trail,Carlaport,Maryland,33192,93.457310,-41.2588865
Heather Rivera,37,8775 Kent Mission,West Caleb,Iowa,42582,142.427593,84.0914705
Ana Waters,32,375 Cruz Mill,Port Jodi,Michigan,22682,147.061444,-11.1662945
Dr. Samuel Manning,32,94494 Jeremy Ports,Gardnerfort,Wyoming,18620,-52.655209,-84.1811635
Wayne Foster,69,8389 Smith Extensions Suite 690,West Susanport,Pennsylvania,54503,-118.239550,11.5153415
Dustin King,51,118 Dennis Views,North Brianside,North Carolina,79961,-120.980967,-62.3664145
Walter Brown,50,2718 Ford Cove,Lake Crystalstad,Louisiana,58466,-45.871882,-6.952012
Zachary Rogers,70,1040 Catherine Square Suite 405,Port Keithhaven,Texas,16131,-87.650138,85.525469
Jasmine Gallagher,44,9976 Heather Summit,West Danielmouth,Nebraska,62793,-20.814531,26.0453385
Fernando Ward,70,4675 Lyons Burgs,Zacharyburgh,Arizona,49766,111.222595,-1.9050085
Dr. Jennifer Payne,28,922 Nathan Divide Apt. 887,Lake Nicholas,Tennessee,11388,-108.293052,29.0931575
Emily Reed,37,185 White Glens,Matthewborough,Arizona,50998,-177.204392,28.834700
Jose Jones,32,56168 Alicia Drives Apt. 025,Turnerfurt,Massachusetts,48913,-69.444404,-37.599974
Yesenia Dawson,68,7079 Baker Village,Johnville,Georgia,10823,-59.147807,-78.099994
Mason Quinn,33,7849 Zoe Cove Apt. 054,South Melvinburgh,Pennsylvania,78055,120.340170,67.164469
Mark Cortez,43,82103 Kayla Islands,Carrollmouth,Mississippi,90032,126.831498,68.0776965
Miranda Allen,71,468 Joseph Summit Apt. 262,North Tammyberg,Maryland,23850,13.421092,-21.6179305
Catherine Davis,37,9295 Valencia Islands,North Garymouth,Maryland,50011,-133.808368,74.8971595
Nicholas Rogers,60,2106 Cody Centers,Matthewport,Oregon,58052,-59.910351,-64.0951685
Regina Craig,62,7423 Jessica Gateway,New Robert,Mississippi,59240,133.986962,3.5807865
Sierra Robinson,33,5670 Hall Port,Port Paulmouth,Nebraska,46697,-155.795747,-86.702431
Derek Schultz,64,517 Hickman Ramp Suite 598,West Bryan,Tennessee,29621,17.604765,-52.369066
Jesse Martinez,43,4799 Michael Glens,Andreafort,Virginia,89617,112.606866,-89.8439105
Ian Green,72,2659 Ronald Ports,Danielshire,West Virginia,51975,27.405563,-38.513155
Jennifer Dougherty,50,8005 Thomas Ports,Cortezfort,Vermont,54020,-64.518376,-8.0575955
Cynthia Peterson,79,819 Wanda Burg,Jodiville,Kansas,85312,-90.228706,-64.7034115
Donald Meyer,39,79212 Rodriguez Square Apt. 014,Davidside,Connecticut,62492,-150.544239,86.9930405
Dillon Hobbs,70,731 Mariah Glens,South Jeffery,Wisconsin,71883,-140.233662,-64.8274295
Martin Phillips,75,96135 Jeanne Lane Suite 637,Jeremytown,Indiana,42089,-14.472184,75.552835
Erin Savage,74,884 Johnson Plains,Deleonville,Pennsylvania,49616,97.030342,72.559140
Rebecca Hodge,42,371 Potter Shores Suite 540,New Laceyville,Vermont,29067,-35.343966,88.2447805
Jason Goodman,44,122 James Causeway Apt. 425,Rebeccamouth,Kentucky,68896,-78.193774,-61.519865
Chad Flores,48,4898 Kendra Dam Suite 674,Lake Amyfort,North Carolina,65214,-149.227265,52.417691
Denise Meyer,39,50619 Owens Light Suite 364,Saundersberg,Minnesota,17432,170.779084,-0.759197
Jeffery Ewing,35,7145 Kim Valleys,East Derrick,Georgia,89399,95.343041,69.856939
Philip Roberts,53,9885 Fuller Freeway,New Brandonfurt,South Carolina,26793,-171.071164,15.2109975
Mariah Nichols,65,3545 Jennifer Ferry Apt. 350,North Tamara,Vermont,93656,-110.372147,13.154625
Lindsay Clark,32,383 Fowler Lights Suite 574,Davidmouth,Rhode Island,76140,-65.101826,49.5559835
Laura Bird,68,270 Holt Run Suite 075,East George,West Virginia,97434,-81.963291,-52.864726
Melinda Leblanc,80,872 Dalton Causeway Apt. 010,Alyssashire,Virginia,84247,142.998618,29.823497
Holly Cowan,57,3119 Watkins Crossing,Port Bryan,West Virginia,90938,103.166438,47.178516
Melanie Johnson,41,73292 Brandon Trail Apt. 486,North Christinaborough,North Dakota,03294,104.757021,-21.4602505
Audrey Rosales,28,472 Jason Harbor Suite 782,New Caitlin,Delaware,74906,13.520556,-64.044898
Tiffany James,80,039 Martin Route Suite 395,Gardnershire,Connecticut,90657,-160.866898,56.306489
Brooke Wright,45,457 Donald Isle,East Yesenia,Connecticut,96560,87.927580,-59.1135825
Kimberly Boyd,25,73214 Baldwin Locks,South Michael,Connecticut,44259,118.698276,-6.503937
Benjamin Hopkins,26,83511 Marsh Track Apt. 766,South William,Kansas,03085,66.407092,-53.3218955
Jason Casey,72,362 Kennedy Crossing Suite 390,Scottberg,Mississippi,96040,142.497145,67.6609725
William Allen,33,9274 Hernandez Flat,East Christopher,Montana,51655,133.514029,-2.730830
Katie Eaton,59,95334 Jacob Dale Apt. 926,New Sheilaland,Pennsylvania,76271,-81.316247,-6.0526085
William Bradshaw,21,68744 Ballard Flats Apt. 408,South Charles,Connecticut,66796,-30.985724,-11.6144245
Shannon Jones,23,13885 Thompson Spurs,New Timothy,Florida,51456,-160.026193,-76.054191
Cassandra Kent,18,6179 Carr Way Apt. 189,Lake Janiceton,Missouri,06937,161.644729,81.453605
William Rush,54,7577 Latoya Glen,West Travis,West Virginia,60143,-173.626894,12.508364
Deanna Adams,18,36069 Jody Club Suite 724,New Elizabeth,Minnesota,19228,124.209427,13.2227905
Christopher Ball,34,114 Goodman Lights,New Racheltown,Connecticut,69150,-104.297064,-25.619350
Lauren Sherman,72,844 Richard Freeway Suite 294,Toniborough,South Carolina,33676,22.646281,-35.863715
Heather Morgan,68,74250 Amy River,Garciafort,Arizona,67490,170.151306,-37.5922225
Thomas Mitchell,71,52361 Case Lodge Apt. 036,Samanthatown,Kentucky,66798,105.540552,-10.1936595
Pamela Gibson,68,69395 Carol Street Suite 349,West Stephanieport,Minnesota,95299,-6.306047,-56.654881
Shawna Rodriguez,24,61616 Tamara Prairie Suite 983,Wongmouth,Tennessee,63582,-97.529142,-86.6834445
Michael Gould,69,592 Garrett Square Apt. 710,Russellberg,New Jersey,92178,-85.265481,34.6453475
Renee Glover,20,234 Jimmy Valley,New Brittany,Ohio,61275,-36.333645,57.017049
Ronald Lyons,30,591 Brady Meadows,Jordanberg,South Carolina,59362,-119.934662,48.9995925
Todd Lowe,70,90443 Raymond Field,West Bruce,Idaho,20558,-67.250002,63.193148
Ashley Doyle,31,627 Eric Knoll,West Amy,West Virginia,22525,39.230178,-14.1068325
Christopher Ross,71,06232 Brian Cliff Apt. 424,Pricebury,North Carolina,26544,3.808707,78.3302605
Brandon Wright,64,057 Martinez Station Apt. 500,Diazstad,Nebraska,92575,97.435065,59.650980
Nathaniel Webb,48,04011 Young Summit Apt. 971,Josephland,Georgia,75566,119.844073,-66.9483735
Joshua Lewis,73,02844 Anderson Haven Suite 691,Timothymouth,Kansas,77700,172.706406,31.1197245
Tara Smith,70,88722 Riley Centers Apt. 794,Hubbardside,Florida,54835,-92.940366,67.116367
Zachary Briggs,69,77514 Wong Heights Apt. 822,Amyborough,Nebraska,27355,151.979605,63.1157925
Marcus Mitchell,63,9832 Eileen Highway,Allenfort,Oregon,42719,11.472217,30.7217305
Lisa Carter,33,643 Jessica Forges Apt. 861,East Jose,Utah,39952,-140.901550,-6.852224
Douglas Gilbert,63,7725 Misty Manors,West Brandi,Connecticut,94085,-25.034794,48.6759695
Robert Ford,62,07064 Brown Valley,Zacharyborough,Utah,24703,-124.520264,48.885859
Tiffany Roberts,31,6116 Olivia Hollow Suite 908,Amyville,Louisiana,70558,150.073849,-34.9112165
John Mccoy,69,638 Sue Mountains,Joshuaburgh,New Mexico,23835,-118.963201,-27.0456125
Alicia Jones,19,1748 Alexandra Course,Port Rachel,Michigan,54820,40.913909,-49.653540
Joseph Moreno,73,80990 Amy Way,New Nancyville,Indiana,55410,152.474644,-65.5723805
Susan Mclean,61,26073 Torres Mountain Apt. 995,Oconnellville,Colorado,56758,-170.570210,-43.0195125
Adam Salinas,46,070 Proctor Knoll,Port Todd,Colorado,99278,110.113988,-27.7547305
Charles Garcia,36,9066 Edward Glens Suite 312,Loriport,Indiana,06594,-133.897280,-15.707681
Thomas Holland DDS,40,046 Lisa Lodge,North Amber,Idaho,61582,-62.101912,39.182088
William Smith,24,0861 Nathan Walks Apt. 402,North Lori,Connecticut,20916,114.214209,-77.9252065
Helen Cooper,44,74541 Cortez Skyway,Johnsonshire,Maryland,57662,-179.092384,24.0528715
Kyle Simon,20,63095 Romero Valleys,Port Brooke,Pennsylvania,41582,-95.845635,51.159540
Shelly James,51,732 Murray Roads Suite 667,Burchfort,Pennsylvania,91127,21.185586,42.9244205
Christopher Potts,80,906 Michael Brook,Nicholasport,California,21508,19.037987,-10.079595
Teresa Smith,59,9722 Tiffany Spur Suite 691,Rhondaton,Rhode Island,06647,-52.045108,55.044364
Andre Alexander,72,947 Ashley Turnpike Suite 413,West Adam,California,35497,121.041231,-84.8960495
Jessica Boyer,38,87040 Hall Walks Suite 674,North Mark,Oklahoma,79129,130.057727,57.2451285
Paul Chandler,78,0408 Cole Lodge Apt. 886,Pagemouth,Massachusetts,71329,51.891162,14.886239
Ruben Martin,46,74711 Ritter Garden Apt. 920,Port Russell,Louisiana,69001,15.886473,-6.4621515
Danielle Davis,67,4345 Michael Street,Meaganstad,California,65838,-97.010856,-20.939434
Matthew Tucker,31,84606 Reginald Forks,Port Robert,Kentucky,69582,149.302389,68.8309495
Christina Hill,62,708 David Curve Suite 110,Ryanland,North Carolina,75961,-32.917447,48.1014825
Amanda Harris,50,11089 Rubio Port,New Justin,Rhode Island,16169,126.492389,39.7278125
Ms. Autumn Mason,35,60021 Yvonne Brook,Cobbhaven,Pennsylvania,25577,-122.309319,-9.6549255
Christina Anderson,70,390 Danielle Lodge Suite 846,Tamiborough,South Dakota,45306,16.439531,-56.3179855
Mark Sullivan,57,864 Silva Cliffs Suite 815,Tylerfort,Michigan,07442,-17.762493,-15.277044
Chris Williams,58,182 Hannah Springs,Kevinview,Delaware,90508,109.383727,29.6496695
Melissa Mullins,18,40742 Steven Stream,Michelleberg,Missouri,19915,-70.453046,-27.792625
Danny Lee,66,42633 Brenda Light Apt. 961,Bridgesport,Illinois,12285,79.697917,85.617728
Olivia Andersen,56,647 Harris Falls,New Lanceland,North Carolina,00664,55.083644,-13.067290
Oscar Martinez,36,8989 Martin Points,North Ashleyside,Hawaii,37387,30.359401,-87.5870325
Ashley Adams,28,78518 Daniel Pine,Hamiltonland,Nebraska,71225,171.345013,15.5604785
Kelly Day,57,005 Mendoza Union,Davistown,Maryland,13216,-28.083198,76.288223
Abigail Perkins,60,9087 Brooks Trafficway,Jonesport,Alaska,72911,74.715796,50.424243
Melanie King,18,0265 Nicholas Circle Suite 589,West Emily,New Jersey,30235,129.536163,70.627182
Debra Smith,18,0467 Reyes Wells Suite 327,Crawfordmouth,Kansas,60932,14.644688,-54.4263375
Timothy Barrett,58,87276 Mayer Lights,Melanieberg,Ohio,98701,-29.599608,-87.5616695
Keith Hughes,57,10988 Katherine Islands Suite 054,Tranport,Kansas,75251,141.592614,8.5812635
Jerry Collins,77,043 Castillo Wells Suite 852,Figueroachester,Massachusetts,54988,37.767436,74.743834
Amanda White,72,105 Douglas Prairie,Lake Billy,Alaska,64605,38.079370,71.799579
Kevin Meyer,63,1701 Young Island Suite 735,Lisaville,Florida,47977,-153.908532,-42.0582195
Autumn Calhoun,73,60805 Osborne Squares Suite 398,South Aaronland,West Virginia,21854,79.702352,9.1429645
Angela Rodriguez,30,663 Roberts Vista,East Brianfurt,Montana,28446,127.888497,0.8471085
Laurie Torres,22,277 Derek Isle,Taylorburgh,North Dakota,16795,61.413890,63.0307785
Cynthia Savage,80,77933 Douglas Plaza Suite 578,Draketown,Nebraska,75580,70.906041,42.790934
Joseph Spencer,63,51493 Patterson Vista Suite 736,Haasberg,South Dakota,76454,125.418899,-16.728216
Sandra Wilson,53,63258 April Passage,Timothyborough,Mississippi,79472,163.477958,-64.820630
Casey Good,54,7471 Bailey Ramp Apt. 047,Karenfort,Illinois,80033,-0.441742,-42.820307
William Bennett,18,34232 Fowler Avenue,Heathermouth,Delaware,84524,-138.575624,-42.5320695
Morgan Willis,46,970 David Port,Christineborough,North Dakota,94740,-175.088881,-36.1763155
Mr. Edward Pratt,65,161 Taylor Hollow,South Emily,West Virginia,27622,-128.980315,-89.444131
Charles Schwartz,37,40928 Rachael Spurs,New Brenda,West Virginia,10537,77.409068,-88.6032935
Todd Burns,32,186 Mueller Forges,West Tonya,Oklahoma,58089,52.191479,-20.7311465
Benjamin Nguyen,68,15435 Martha Hill Suite 424,West Amymouth,Indiana,82677,-47.632105,56.4095145
Jennifer Kelley,70,1006 Gregory Rapids,Buchanantown,Alabama,29780,165.257139,43.816849
Ruth Bush,41,840 Peterson Union,East Alexisview,Colorado,91868,-15.084640,-32.964134
Melinda Shah,66,7523 Virginia Fords Suite 180,Williamsmouth,Mississippi,36707,-45.477538,-10.9133405
Rose Vaughn,49,2440 Jacob Islands,West Christineville,Idaho,23426,126.488461,19.575637
Emily Young,31,55608 David Highway,West Jenna,Illinois,79561,-174.827646,75.2975245
Hannah Williams,51,575 Danielle Extensions,Andreborough,New Jersey,27223,37.259420,-74.8201385
Suzanne Arellano,37,10902 Steven Point,Malonetown,Iowa,62636,-173.761465,-50.079943
James Jimenez,42,093 Morgan Way,North Matthew,Michigan,42623,71.510660,63.477231
Rebecca Moses,62,125 William Port Apt. 848,East Lindsey,New Mexico,07685,-70.872448,-50.0198625
Michelle Patel,26,26742 Caitlin Port,Ramirezshire,California,58282,-119.243660,-43.097208
Laura Price,72,9938 Morgan Keys Suite 295,Lake Stacey,Hawaii,98730,-45.910569,39.2899365
Julia Martin,57,5972 Linda Skyway Suite 849,Lake Warrenmouth,Missouri,36892,-146.812664,27.148005
Angela Martinez,79,666 Joseph Divide,Poolehaven,Oregon,70024,20.570645,-77.853729
Cathy Rodriguez,66,797 Daniel Stream Suite 650,South Derek,Connecticut,70637,-154.214748,-52.018489
Ryan Anderson,68,885 Myers Lights Apt. 640,New Jameston,Oklahoma,17654,-72.003577,-49.4622455
Joseph Barnes,53,870 Jaime Place Suite 275,Brownside,New Hampshire,42124,151.743476,73.5185105
Julia Miller,22,2659 Jason Creek Suite 174,West Anthonyburgh,Georgia,77533,33.772683,57.584325
Julie Perez,38,59400 Thomas Throughway,East Brianborough,South Dakota,08674,106.580243,-57.930940
William Silva,20,0004 Kelly Forges Apt. 372,Gabrielmouth,Utah,33698,80.399263,69.612187
Kevin Mcdaniel,31,54721 Albert Parkways,Jasonview,Maine,70159,-5.564584,-7.9696905
Henry Ross,42,324 Johnson Field,Laneside,Nevada,53395,-65.957734,-7.4161735
Mark Ellis,53,111 Bowers Summit Suite 235,New Philipstad,Virginia,79484,-61.413869,-67.7523525
Micheal Cole,51,011 Kelsey Branch,Yorkmouth,Tennessee,11427,-148.864080,-0.786668
Bianca Hernandez,42,3967 Angelica Throughway Suite 710,Petersonton,Maine,19276,-51.865521,40.736051
Nicole Gilbert,58,4915 Clark Ville Suite 975,Lisamouth,Iowa,50822,-132.501244,83.1934185
John Waller,76,76730 Williams Lodge,Marktown,Oklahoma,47382,-130.398295,-82.633770
Kelly Copeland,41,12609 Daniel Road Apt. 774,New Gregory,Arkansas,48526,49.042335,-88.5979375
Stephanie Hobbs,76,51639 Smith Junctions,Port Jayfort,Colorado,27497,-54.702622,13.726178
Rebecca Stone,73,202 Lee Green Apt. 685,Port Derekside,Nebraska,26219,141.782866,50.366136
Kelly Jones,44,922 Benson Lodge Apt. 304,Charlesview,Georgia,81452,-163.819732,79.9073105
Patricia Joseph,19,0200 Mark Hollow Suite 069,Davidchester,Hawaii,90638,46.310294,-44.8615185
Nancy Arias,79,588 Kristy Road Suite 334,Lake Eric,Idaho,01203,-138.201011,-82.8927615
Timothy Garner,33,47158 Carson Camp,North Jeremy,Arkansas,30614,-125.182073,12.1611805
William Martinez,58,528 Jordan Mill Suite 520,Lake Cassandrahaven,Montana,50436,76.275950,-7.563836
Sara Wilson,60,65832 Hudson Key Apt. 368,New Robert,Hawaii,11151,160.735452,19.5013395
Michelle Anderson,72,42998 Maurice Rapid Suite 147,East Matthew,Rhode Island,09912,-7.401224,69.3803225
David Spence,70,14360 Lynch Cliff,East Christopher,Vermont,56996,18.267055,76.314020
Karen Barnes,46,88228 Amanda Curve Apt. 885,East Jacquelineshire,Indiana,98383,-154.308677,55.9682245
Matthew Tran,59,897 Robert Summit,Baileystad,Illinois,40305,26.220870,-39.6540345
Anthony Smith,66,71283 Obrien Ports,East Meghan,California,32691,129.648756,-82.5114565
Kylie Oneill,23,7158 Rebecca Dam,North Christopher,North Dakota,57575,94.012190,-43.214681
William Pierce,56,89924 Richard Center Suite 587,South Justin,Idaho,28226,27.476249,53.856763
Mikayla Gregory,42,650 Williams Hills Suite 781,Port Hannah,Missouri,41464,-32.863801,-31.8144005
Randy Perez,65,037 Bradley Path,South Jessicashire,Texas,80279,128.112649,36.052340
Derrick Huerta,19,02699 Joanna Shoals,West Charles,California,10793,-137.328801,-13.9239445
Mariah Kim,74,2888 Banks Courts Suite 118,South Jeffrey,North Carolina,92218,155.499773,45.7780855
Mark Whitaker,34,4192 Thompson Courts,New Jessica,Colorado,78253,-112.644131,71.9233705
Jermaine Mayer,33,9995 Kristina Falls Suite 566,West Joannaport,New York,02709,159.916304,-41.2269225
Angela Zavala,30,5863 John Drive,Port Andresmouth,Illinois,54675,-6.316686,-54.5388605
Connie Walker,41,924 Tracy Islands Apt. 715,Jeffreyport,Rhode Island,68802,143.994536,39.1079465
Bruce Anderson,70,5435 Huerta Underpass Suite 291,Allisonchester,Utah,40047,11.513979,-74.175974
Allison Navarro,57,0437 Jason Skyway Apt. 650,East Nicole,Nevada,20915,112.799251,-58.422363
Jennifer Vaughn,78,70158 Brittany Way Suite 492,Port Larry,Minnesota,88621,175.521342,-63.224475
Ronald Ferguson,52,03826 Phillip Lane Suite 173,South Bryanfort,Massachusetts,10300,46.462547,-27.943842
Joseph Wilkinson,64,4531 Ryan Square,North Robertshire,California,14458,-88.825325,38.5198695
Michael Martin,27,53547 Haney Plains Apt. 164,Waterston,Pennsylvania,76127,116.059585,63.1400155
Isabella Moore,52,5420 Geoffrey Stream Apt. 946,New Jenniferton,Rhode Island,16880,-73.216291,-38.174999
Austin Gates,75,61826 Boyer Roads Suite 236,New Gregory,Kansas,30086,-101.945170,31.441975
Taylor Fletcher,76,52318 Nguyen Turnpike,New John,North Carolina,39016,13.793385,6.430191
Kevin Deleon,25,98644 Jared Bridge,East Stephenport,Wyoming,26316,-115.259757,-52.129752
Arthur Nichols,56,3439 Patrick Extension Suite 448,New Kevinville,Rhode Island,53041,30.334340,3.3766175
Kristin Reid,70,214 Garcia Harbor Apt. 490,Heberttown,Ohio,31094,11.353459,87.562387
Tyrone Hughes,45,626 Sharon Island Suite 030,East Jamesport,Iowa,74893,-38.810161,-38.348701
Lisa Price,42,3990 Hancock Ville Apt. 061,Stephanieton,Wisconsin,42995,-11.943863,17.8341605
Charles Nixon,19,4709 King Brooks,New Shannonfurt,Wyoming,16262,49.637047,-5.5178425
Jennifer Anderson,39,9804 Johnson Landing Suite 677,Lisachester,Kansas,04960,-34.904492,63.641391
Craig Atkinson,25,88992 Aaron Turnpike,Susanmouth,Utah,02040,-29.743718,-39.0391225
Cindy Bruce,29,38353 Mccoy Corner,Lake Ian,Kansas,71038,167.608265,36.275191
Carol Bryant,55,4857 Rachel Crossing,Hansonborough,Illinois,83028,89.459271,5.386975
Lisa Bryant,27,3703 Veronica Place,New Lorifort,Nebraska,62641,-68.555503,-74.9677545
Michael Allen,35,47544 Jacqueline Orchard Apt. 109,West Elizabethton,Alaska,16646,-123.770471,-25.3395805
Elizabeth Fisher,19,9928 Alexandra Extension,Wagnerburgh,Nevada,99573,-40.762300,42.476810
Jim Frederick,59,32950 Jennifer River Suite 205,Leonardtown,California,47886,165.585850,51.1550525
Evan Arnold,59,8480 Brian Branch,Navarromouth,Colorado,21644,-145.244054,-23.3465505
Hunter Blake,63,8140 Caleb Lights,East Devinmouth,Kansas,19566,115.477258,58.0395655
Jacqueline Jones,80,13213 Ali Run,South Stephanieberg,Alaska,42164,-77.470146,60.6196215
Cassie Page,62,9493 Lisa Mall Apt. 066,Combsville,New Hampshire,34041,-51.067249,18.6920085
Juan Chan,72,205 Richard Stream,Jonathanberg,Indiana,47745,112.783266,0.513128
Jennifer Wilson,70,910 Joshua Court,Martinmouth,Missouri,42945,-94.315277,-86.8908425
Julie Rodgers MD,55,04685 Corey Ports Suite 364,Lake Eric,New Hampshire,11242,113.484035,71.564890
Walter Smith,65,4110 Johnson Place Apt. 122,Davidville,Mississippi,38312,118.969600,83.5173885
Christina Garcia,32,600 Gabriel Turnpike,North Jason,Alaska,43936,158.064833,43.9896885
Kathleen Webster,74,814 Benjamin Island,New Patricia,Florida,78930,-66.183796,-67.4060775
Anna Thompson,68,220 Graham Cove Suite 132,East Rebekah,Missouri,40271,107.842338,81.5124405
Mr. Barry Williams,79,45229 Lewis Turnpike Suite 364,Port Matthew,Montana,01626,-154.520693,-78.9092845
Briana Nguyen,76,984 Melissa Turnpike,East Natasha,Montana,33898,-167.683034,-44.0383395
Bonnie Walker,50,566 White Street,Mistytown,Georgia,17557,-22.755789,-2.425057
Anne Harris,67,49687 Benson Orchard Apt. 763,Danielbury,North Dakota,87563,-131.818791,66.5175065
Lance Adams,76,441 Tapia Forest Suite 866,Lake Shanemouth,Louisiana,95791,20.266378,13.470319
Steve Blair,48,6357 Duncan Cliffs Suite 606,Shauntown,Louisiana,12687,-175.305559,39.3478915
Jessica Martinez,71,139 Nguyen Streets Suite 187,New Loriborough,Massachusetts,36444,112.947326,34.3561545
Vanessa Cherry,24,241 Matthew Ville Apt. 664,North William,Washington,47355,2.519314,78.3983375
Christopher Nichols,19,2164 Jones Garden,South Gary,Arizona,64910,70.306949,-67.689154
David Rivas,28,63306 Silva Drives,Lebury,Louisiana,48265,2.243068,-21.996756
Larry Noble,44,8615 Valencia Run,New Sarah,Louisiana,84633,-117.585424,-44.8671365
Joseph Pearson,43,473 John Groves,Port Troy,Minnesota,08670,151.653385,10.9456915
Cynthia Brooks,35,09962 Sarah Summit,North Mark,Nevada,83090,172.065158,87.5656015
Gene Gibson,39,81164 Ortiz Drives,North Sarah,New York,68305,-62.894312,-35.948997
Roger Yoder,25,375 Hendricks Terrace,Saraland,Kansas,34010,-115.412800,-42.141976
Pamela Buckley,34,852 Robinson Brook Apt. 801,Andreberg,Mississippi,94749,-69.452783,6.484998
Olivia Lewis,55,47698 Church Parkway,South Jessica,North Dakota,20066,168.874607,-37.329865
Tammy Watson,26,348 Casey Parkway Apt. 640,Tylerburgh,Oklahoma,19960,31.978070,-76.427104
Alyssa Conway,41,0717 Hawkins Throughway Suite 888,Gonzalezmouth,Maine,65407,-117.790675,23.354684
Richard Martinez,32,917 Samantha Roads Apt. 058,New Bradleyburgh,Nebraska,82739,-9.606882,-83.006621
Chloe Holt,42,22381 Massey Pines,Richardburgh,Rhode Island,98641,1.357519,75.259744
Donald Murphy,54,14977 Dennis Plain Suite 602,Jimenezview,Alabama,65709,62.240864,28.7642295
Christopher Perry,64,351 Mccarthy Parkways,Swansonstad,Montana,05953,-142.014457,-14.2368605
Eric Humphrey,70,875 Wallace Forks Suite 173,Lake Wendy,South Dakota,15382,36.918654,-53.3151665
Crystal Jackson,73,426 Henderson Forge Apt. 482,Parksborough,Oregon,79632,144.584054,-30.5689195
Mr. Roberto Middleton,64,913 Scott Via,Lake Alex,South Dakota,04344,-87.668477,36.343337
Sara Williams,49,18271 Crosby Place,South Ralphton,Montana,13086,-2.491635,29.191016
Laura Adams,68,83897 Julie Burg,Francisburgh,Montana,66974,162.635703,6.1465175
Melissa Lowery,28,31129 David Mountains Apt. 371,West Sydney,Tennessee,93963,-143.901391,68.2604355
Lisa Davis,38,551 Brian Manor Suite 729,Lake Cassidy,Arizona,94868,25.604277,46.0359385
Sonya Andrews,54,8167 Ruben Avenue Apt. 830,West Edward,Florida,92505,-1.356410,68.943066
Jeffrey Estrada,69,33954 Mclaughlin Garden Apt. 393,Garciamouth,Connecticut,25371,-9.823805,73.8714595
Nicole Powers,37,580 Kim Locks Apt. 025,North Caitlinbury,Arizona,29038,-66.988468,58.7249895
Kristine Meyer,20,1772 Payne Shore Apt. 372,Kevinfurt,Virginia,66796,-83.788744,-45.0887195
Dillon Mclean,63,38462 Williams Fall Suite 168,North Kristina,Connecticut,96676,74.138216,7.9223495
Ryan Robinson,74,6590 Renee Shores,Kellyborough,New Hampshire,74746,130.325102,-89.0253845
Benjamin Whitney,22,05818 Jones Meadows Suite 814,Erinton,Washington,97403,29.987379,-54.127880
Elizabeth Johnson,59,1736 Boone Valleys,Jamesburgh,Missouri,23310,171.922783,-1.2142045
Bethany Peterson,22,31728 Laura Village,Edwardsside,Illinois,92608,-134.831081,46.5180305
Robert Hamilton,51,4519 Brooks Radial,Rickyshire,Arkansas,52256,-161.962471,-56.025421
Ralph Smith,79,47204 Hudson Lake,North Erinmouth,Maine,55371,-33.926416,-13.285769
Mary Stevens,46,684 Matthew Hills,North Joseph,West Virginia,16563,8.053585,-56.6958635
David Mcintyre,58,529 Bush Burgs Suite 698,South Michael,Maine,92854,15.086925,12.859448
Karla Yoder,18,542 Smith Mount Apt. 721,Higginstown,Florida,87444,144.502401,-71.0204955
Mrs. Laura Jones,44,19834 Jeremy Turnpike,Lake Ericahaven,Florida,53214,78.144713,68.403393
Russell Robinson,20,841 Bennett Garden,South Deanna,Wyoming,86930,20.030812,-42.961893
Cristina Roberts,56,717 Brian Manors,Jesseburgh,Washington,79698,32.302534,17.9942935
Deborah Gomez,68,46370 Butler Hollow,Sanchezmouth,Hawaii,98830,148.782867,-32.569044
Kevin Wong,22,965 Susan Mill,West John,Wisconsin,93502,65.990248,-80.310025
Elijah Everett,40,364 Jacob Fields Apt. 553,Stewartborough,Connecticut,02944,31.903664,-57.985629
Henry Jensen,76,1162 Brandon Islands Apt. 547,Julieside,Louisiana,96861,-86.299247,85.4362465
Robert Woods,46,296 Gregory Valleys,New Brenda,Michigan,45249,-87.489207,77.9273795
Adam Walker,26,1745 John Key,North Tyler,Colorado,55234,110.123821,89.698935
Jennifer Tran,69,66365 Amy Way Suite 317,South Leslietown,Wyoming,82845,90.482331,-39.127109
Heather Miller,27,707 Reed Key Apt. 550,Greeneshire,Hawaii,53110,158.372664,-38.4172835
Derrick Mcconnell,54,87041 Ricky Vista,West Eileenmouth,Rhode Island,87849,-59.323187,-23.9631115
Austin Novak,28,2834 Willis Point Suite 107,West Maureen,New Hampshire,28423,149.968734,24.830960
Carrie Logan,36,350 Franklin Way,New Kaylafort,Nevada,22309,-40.456184,70.3295885
Cynthia Brewer,67,8112 Phillips Isle,Daviston,Florida,36309,-75.124914,71.3168955
Rebecca Ramos,34,341 Frederick Groves Apt. 061,Kennethview,Alabama,17756,-9.546375,-68.9134465
Erin Randall,19,026 Anderson Prairie,North Melindabury,Louisiana,08494,171.030936,-75.117953
Brandon Wiggins,66,96666 Kelly Glens,Leonborough,Texas,36147,-11.128712,63.818873
Mackenzie Ballard,28,6857 Sarah Fork,Sheppardview,Georgia,63955,-24.524123,61.9835965
Mark Vargas,79,1515 Gomez River,Wallaceton,North Dakota,72273,169.237733,-67.812472
Mr. Anthony Brown DVM,48,969 Cameron Summit,West Heather,North Dakota,62787,121.446265,75.8232895
Paula Scott,60,19725 Smith Wall Suite 161,North Timothy,Wyoming,25719,-16.507132,52.162508
Daniel Moore,22,8668 Amy Underpass,Leahside,Wisconsin,94841,-86.403889,45.1518915
Julie Evans,22,6154 Jasmine Groves Apt. 593,Riveratown,Louisiana,58515,161.629066,-23.2131665
Michael James,25,87232 Christopher Mountains,New Kevin,Kansas,11310,139.945145,87.877422
Wayne Velasquez,26,6675 Megan Fall,North Helenhaven,Delaware,66245,165.152796,49.3083825
Hayley Romero,30,0556 Derek Pines Apt. 443,Rodriguezborough,Minnesota,76877,-46.155946,-63.5246645
Christine Gregory,22,384 Dawson Lodge,Lake Tiffanybury,New York,25348,-29.245571,-51.6259325
Cameron Dudley,54,1444 Smith Lodge,Lake Cassandratown,Utah,50647,-150.770250,-54.704280
Christopher Shaffer DDS,29,565 Ellis Track,West Larry,Alabama,83824,-176.613161,-53.4174965
Anthony Brown,25,1128 Amanda Spur,Donaldport,Mississippi,70087,-102.819841,-58.576662
Jeff Lyons,20,76383 Rebecca Fort,East Jameshaven,Montana,67451,27.482681,-80.583553
Tina Whitaker,26,35969 Bradley Knoll Apt. 393,South Allison,Maryland,42131,9.107337,3.4267145
Melissa Hunt,21,6314 Joseph Canyon Suite 702,Ashleyshire,Ohio,67112,94.148209,-48.596807
Andrew Medina,47,5528 Carlos Corner Apt. 036,New Jodyhaven,Rhode Island,95233,90.454800,35.723554
Courtney Owens,50,972 White Field Apt. 493,North Brittany,Wisconsin,65422,114.121568,-64.551894
Elizabeth Kelly,74,609 Hamilton Shores,Rodriguezshire,Oregon,05882,101.333886,38.1803715
Kim Palmer,73,7370 Turner Field,Browntown,Massachusetts,42024,-104.624215,-33.881586
Taylor Long,37,437 Tiffany Islands Apt. 854,Davidchester,Oklahoma,04522,-172.784856,-7.6499065
Mary Jones,43,1698 Matthew Inlet,Port Zacharyland,South Dakota,24430,-107.324683,1.3132595
Scott Singleton,44,922 Jacob Springs Suite 466,Port Micheleville,Oklahoma,12307,41.827365,-13.1110095
Nancy Taylor,47,9437 Alyssa Lakes,Lake Jesse,Utah,45219,18.951083,-5.700629
Kimberly Caldwell,18,5451 Anthony Camp,North Shane,New Hampshire,37787,60.906249,69.460672
Susan Chambers,27,74509 Christopher Burgs,Robinfort,Alaska,82585,106.049842,33.682149
Sarah Valdez,22,402 King Knolls,New Colleen,Minnesota,27807,-49.839173,-71.1553925
James Santos,57,829 Lester Points,Gutierrezborough,Texas,46850,73.869560,-57.886275
Jennifer Patterson,29,638 Solomon Isle,Wheelerburgh,Ohio,48469,83.391577,-85.2428135
Jacob Phelps,74,5562 Lisa Place,Port Holly,Kentucky,19058,108.834964,76.0325655
Sarah Brown,38,7332 Edward Rue,Lake Natalieside,Montana,49698,147.130888,72.320300
Erika Rios,37,35792 Crystal Forges Suite 231,Lake Amy,New Hampshire,03355,-28.226654,16.257899
Scott Mcmillan,78,000 Jennifer Center,Allisonside,New Jersey,30518,-13.366329,3.0964175
Sara Mullen,38,19877 Gibson Turnpike,Port Nichole,Delaware,05990,161.347709,53.328153
Susan Wright,52,9472 Ford Shoals Apt. 292,West Tylerborough,Florida,35643,29.529829,56.825807
Crystal Flores,28,0819 Armstrong Loaf,Lake Karenville,Illinois,15006,59.694988,-0.054295
Sarah Shaw,18,805 Johnson Valley,Amandaville,Arkansas,36432,-49.221459,-86.3150815
Justin Dunn,76,50776 Floyd Springs,South Ashleyborough,Florida,28938,-38.032832,-72.6620995
Sarah Lewis,52,27206 Mary Creek,Harrismouth,Alaska,42624,167.097571,54.0379965
Christopher Stewart,64,2297 Ariel Burg Suite 638,Lake Michaelport,Maine,94140,42.647648,36.210721
Theresa Perez,49,3316 Joel Forest,East Richard,Massachusetts,09828,-116.587373,37.7780805
Mr. Daniel Foster,57,237 Thompson Springs,Meganland,Massachusetts,41879,-77.206057,-31.091957
Aaron Hansen,30,961 Troy Spur,South Belindachester,Oklahoma,40075,82.737697,-28.398333
Brandon Clark,72,09583 Kayla Stream,South Jacobmouth,Oregon,49590,141.018338,68.191178
Jonathan Lewis,69,95033 Krista Via,Christopherside,New York,09609,33.481889,21.3158115
Donna Ponce,39,309 Kevin Unions,South Michelemouth,Washington,89497,-165.603815,-27.712757
James Ward,71,3489 Michael Fords,Kimberlytown,Pennsylvania,19042,-56.960142,15.571902
Kelly Mitchell,70,55588 Chandler Port Suite 286,Lake Brandon,Louisiana,65253,-7.305612,-19.2683445
Derek Griffin MD,50,215 Michael Circle Suite 162,Ericville,Arizona,60863,-173.513294,-77.8693075
Tiffany Cooper,37,031 Ronald Via,Smithborough,Virginia,24403,70.621176,-63.1060575
Stephen Ortiz,35,122 Powers Knolls,Smithland,South Carolina,63486,-86.641417,-50.379711
Fernando Holder,22,302 Jeffrey Points Apt. 494,New Tombury,North Carolina,29541,-5.903758,-18.8284305
Nicole Hernandez,64,500 Snyder Coves Apt. 676,Timothychester,Alaska,74455,-42.833667,-67.524179
Meghan Arnold,37,28467 Lisa Springs,Oliverfort,Delaware,22010,-30.136276,-74.2554875
Matthew Lewis,21,495 April Stravenue Suite 023,Rebeccaton,California,22578,-122.192313,-5.989843
Deborah Conner,24,194 Campbell Forges,Whiteville,California,55041,116.229555,8.9424655
Miranda Taylor,31,1187 Moyer Ridge Suite 945,East Douglas,Michigan,02494,-88.549433,5.036662
Emma Black,65,7050 Christine Union Suite 848,South Madison,Arizona,22035,-116.967748,34.737228
Katie Green,32,468 Bonnie Extension,South Julie,Vermont,97439,172.206714,55.622672
Erica Ford,24,0369 Whitney Fort,East Trevorbury,Wyoming,89958,76.295883,24.7975715
Laura Rodriguez,68,9232 Moore Track,Port Tara,Colorado,45092,109.732579,-65.7946255
Carl Patterson,26,38540 Hunter Place,Port Amanda,Colorado,69924,100.016903,-17.7619785
Lindsay Compton,66,933 Davis Plains Suite 952,West Joseph,Nevada,37719,120.206228,-45.342489
Meghan Hill,47,7377 King Court Apt. 958,South Amandamouth,Vermont,20978,54.507735,-67.4494905
Tiffany Jackson,60,2167 Anthony Estates,Krauseport,Indiana,61616,165.724484,-53.3783445
Steve Moses,66,1052 Rodriguez Terrace Suite 190,Martinland,New Mexico,01937,44.831311,-8.2946725
Travis Herrera,57,873 Laurie Underpass Apt. 060,Currybury,Arkansas,29573,83.932773,-88.2070895
Traci Powers,19,23973 Carson Lodge,South Brittanyville,Mississippi,13062,-34.413294,3.3615435
William Williams,66,27325 Hart Rue,South Eugenebury,Minnesota,07160,178.348128,9.9119945
Joy Castillo,79,85063 Jones Grove Suite 931,Port Robert,Delaware,19529,5.317992,55.029039
Anthony Moran,37,782 Gray Manors,Pattersonport,Nebraska,57468,-167.211976,50.452505
Jennifer Gonzalez,53,0659 Kaitlyn Groves,Joneston,New Hampshire,95981,-27.647858,82.980193
Angela Walker,44,333 Russell Lane,Port Alex,Kentucky,17675,-96.094833,89.9495485
Kyle Austin,80,94694 Richard Rapid Apt. 621,North Kimberlyport,Tennessee,86720,-61.510252,-13.014068
Rachel Lawson,78,539 Carol Court,Lake Meaganbury,North Carolina,18981,11.422985,-1.730042
Angela Marsh,35,555 Megan Crest,Lake Gregorytown,Rhode Island,46868,155.987247,87.2341245
Daniel Page,31,9467 Gonzales Inlet Suite 777,Lisafurt,North Carolina,05815,-49.173247,19.758325
Javier Sutton,76,8976 Davis Meadows Suite 565,Romeroland,Arkansas,77686,-51.833032,18.7038255
Alyssa Thompson,42,7438 Matthew Meadow,West Emmahaven,South Carolina,23232,-72.865281,42.4280015
Ashlee Daugherty,34,2552 Chandler Corners Apt. 036,Robertchester,Pennsylvania,25184,132.978719,75.0158715
Shaun Aguilar,33,027 Samuel Street Apt. 259,East Martin,Kentucky,09525,160.153623,-52.7504585
Pamela Santos,72,989 Ronald Parks,Camachoborough,Louisiana,23010,-47.610383,-72.619425
Frederick Oneal,63,40308 Lucas Extensions Apt. 763,Michaelmouth,Maryland,85527,-167.328082,72.8686505
Frank Salinas,71,120 Smith Knolls Suite 528,New Elizabethshire,Montana,22544,154.715237,-79.4060675
Michael Jimenez,63,670 Benjamin Meadows Apt. 225,Laurashire,Louisiana,27219,81.735566,36.578453
Michael Bennett,41,73501 Hines Views,East Andresfort,Oregon,33063,111.038256,-72.265489
David Summers,44,8149 Sanders River Apt. 113,North Tabitha,Michigan,73516,16.156853,15.877229
Johnny Roth,39,6497 Lopez Rapids,New Pamela,Minnesota,76599,-75.434444,-50.9342395
Christopher Hendricks,39,68215 Joseph Shore Suite 288,East Bridget,Idaho,48631,-128.269935,-72.259179
Jay Thornton,36,09320 Johnson Landing Suite 375,South Nicole,South Dakota,11426,-171.111175,0.7795675
Stephen Mendoza,29,515 Alexander Trafficway Apt. 626,Davidchester,Virginia,84382,38.533212,10.0444115
Brandon Ayala,38,0615 Nicholas Key,New Ronald,West Virginia,19642,58.816028,-40.0419015
Matthew Adkins,20,3121 Katherine Trail Apt. 994,Fredfurt,New Hampshire,06618,92.853499,63.105560
James Fisher,72,27260 Kelly Shoals Suite 489,Johnsonchester,Massachusetts,58308,-140.296855,-52.6102675
Angel Adams,33,14031 Foster Road Apt. 838,Romanville,Massachusetts,43473,-23.142443,35.1761215
Michael Ray,62,10200 Carrie Canyon,Thorntonburgh,Iowa,72553,23.166452,37.0959425
Natalie Watson,58,76371 Jenkins Circle Suite 712,Port Philip,Rhode Island,28618,-37.621294,63.8928825
George Johnston,27,1753 Doyle Field,Amystad,California,91766,-128.820712,21.533032
Courtney White,55,072 Monica Pike,Port Georgeland,Kansas,36474,102.033754,4.3322365
Jennifer Sandoval,43,298 Dawson Courts Suite 513,Lake Ellen,Vermont,40801,-141.921799,-60.763343
Stephanie Morrison,66,672 Munoz Route,Jonathanchester,Minnesota,28817,73.334226,-67.4632055
Michelle Smith,26,04751 Christopher Gardens,Sarahside,Missouri,55050,-18.130629,-37.308719
Samantha Hampton,65,847 James Brooks Apt. 494,Masonfurt,Wyoming,88543,-25.308710,-54.9247065
Janet Miller DDS,36,96198 Martin Manor Apt. 856,Onealville,Wisconsin,54005,-129.136520,-88.4450565
Jennifer Lang,42,1639 Cooper Drive,Mooremouth,Louisiana,11497,21.051877,44.970642
Amber Rivera,18,2216 Daniel Terrace,Port Rachel,Rhode Island,60954,-37.656079,33.902970
Pamela Ruiz,56,8911 Thomas Stravenue,South Nicolestad,Connecticut,19253,-92.513342,-75.519507
Tonya Torres,71,7750 Evelyn Lake Apt. 781,East Jamie,Arkansas,84688,155.387897,24.6763595
Kristin Farmer,55,2659 Anderson Plains,Evansbury,Alabama,45284,78.592430,-22.686060
Jamie Yu,49,408 Haley Throughway Suite 093,Mercadohaven,Mississippi,15489,62.765205,17.9028195
Patricia Forbes,41,2257 Janet Forks Suite 434,New Carla,New Hampshire,56960,-96.235837,-43.4506195
David Richards,59,853 Jason Crossing Suite 013,Douglasport,Colorado,44917,-140.421290,-55.5993535
Andrew Martinez,37,4631 Pearson Brooks Suite 627,Moralesbury,Washington,99913,31.707291,-76.006235
Barbara Fry,28,82469 Alexis Via,Mikaylaberg,New Jersey,04421,-102.542544,71.6774365
Eric Garcia,48,9706 Flynn Villages Suite 108,Wendymouth,Montana,84417,-159.580270,24.300920
Howard Montoya,39,4506 Brady Plains Suite 917,New Denise,Michigan,63455,-113.567675,47.4645535
Ronnie Huff,49,7001 Emily Lodge,Hillstad,Wisconsin,15373,-48.079661,-12.4849185
Jasmine Giles,68,47458 Susan View,Paulhaven,West Virginia,89893,-165.236313,22.571536
Kevin Conley,44,403 Megan Ridge,Port Casey,Ohio,34756,-4.534676,-30.9353155
Sean Shelton,37,16516 Tran Neck,Perezchester,Wyoming,60088,-89.285057,26.102955
Lauren Carr,52,6209 King Ways,East Brendabury,Alaska,85495,117.536730,-86.032244
Ronald Horn,40,05627 Stacey Street Apt. 117,New Michael,Alabama,77569,-88.026299,21.335426
Sarah Salazar,25,9708 Fernandez Harbor,Lake Feliciaside,Connecticut,52903,23.222488,-64.9760725
Tamara White,54,64990 Lynn Light,North Steven,Washington,17288,-3.501851,-37.2911045
Tracie Ellis,65,010 Regina Crescent Apt. 953,Edwardport,Mississippi,13008,-152.486065,48.9436195
Danielle Walls,59,76510 Wood Union Suite 037,Perrymouth,Delaware,13140,108.517379,-2.195254
Tammy Green,30,404 William Keys,Thompsonview,Illinois,21207,51.119949,-73.2097685
Sarah Woods,20,16605 Juan Mills Suite 597,Jamesmouth,Delaware,69337,-6.018746,-32.805191
Jason Raymond,44,2542 Gregory Plaza Suite 879,North Debra,Tennessee,23442,145.071892,71.556311
Kenneth Jenkins,71,7110 Johnson Canyon Apt. 500,Jenniferview,South Carolina,48764,-151.131124,26.8036845
Sean Morales,44,4134 Sanford Locks Suite 590,Lake Vicki,New Mexico,20320,9.912361,-17.9877055
Scott Kennedy,70,91041 Smith Hills Suite 973,Collinsburgh,New Jersey,88909,145.272130,51.572042
Jennifer Perkins,44,324 Corey Mountains Apt. 312,Lewisland,Indiana,71584,-175.175131,-2.5383945
Christian Burnett,42,21649 Thomas Ports,Hernandezstad,Nevada,08617,-65.374849,-70.0582605
Travis Jacobs,25,2848 Kristin Summit Suite 116,Coopertown,Oregon,37242,-59.961567,6.994382
Marissa Young,49,98898 Marshall Mills,Jackberg,Pennsylvania,81093,98.762700,-85.0699985
Christopher Davis,62,0220 Christine Estates,Kyleton,Wyoming,05373,111.985483,-10.0916165
Tyler Henderson,66,6232 Nicole Gardens,Cooperstad,Missouri,44248,-45.422013,9.269621
Randall Spencer,66,32710 Downs Lake,Lake Wendyport,Vermont,58013,-97.677652,27.575149
Joy Davis,39,8396 Kristina Bridge,West Stephanie,California,64452,141.947537,-29.709405
Frank Aguilar,40,7796 Hicks Mission Suite 439,East Amber,Colorado,26093,74.634084,-82.609178
Kaitlin Berry,64,7301 Jack Estates Apt. 278,West Michaelfort,Idaho,78396,-68.669026,-54.010860
Harold Ramirez,46,091 Walker Mill,West Ashleymouth,Kansas,15697,-16.800333,88.8174245
Corey Harrell,45,4832 Bender Trail Suite 033,Andreahaven,Virginia,23194,115.185528,23.488197
Danielle Best,38,798 Jones Street Apt. 805,West Andreamouth,Kentucky,75816,48.160061,83.269463
Jennifer Rodriguez,27,28573 Richard Rapid Suite 438,New Deborahmouth,Delaware,63124,59.101107,56.445244
Ryan Gonzales,29,99964 Jackson Crossroad Apt. 684,Johntown,Maryland,73233,-37.349300,-14.6839485
Paige Reyes,61,423 Misty Throughway Apt. 686,Lyonsside,Idaho,58598,47.602050,19.161594
Joshua Richardson,67,6640 King Square Suite 346,Edwinfort,Wyoming,45712,173.535889,-79.630125
Jennifer Mendez,61,7082 Anderson Cliff,West Stephen,New Hampshire,32902,99.705855,-46.925083
Susan Palmer,59,486 Johnson Ranch,East Matthew,Delaware,24711,7.399875,-78.540373
Keith Rowland,65,958 Elizabeth Circles,East Brent,Georgia,06648,-47.686013,63.621446
Cassandra Madden,66,62475 Griffin Ports,New Barbaraberg,Maine,81783,74.111035,-62.3425625
Donald Rowland,63,27880 Andrew Creek Suite 057,New Linda,Kansas,30737,22.279704,-14.175770
Monica Ward,47,227 Ryan Wall Suite 644,Harrisonland,Florida,65461,-132.357598,84.0526945
Ricky Johnson,65,684 Erica Shoals,Nathanieltown,Indiana,91713,175.234537,22.1399505
Kathleen Vazquez,74,610 Aaron Hollow,New Shawnview,Alaska,96036,-25.141382,-23.3480505
Thomas Murphy,72,78542 Cummings Stravenue,Ramirezville,South Carolina,11506,-105.874056,-4.920979
Jason Crosby,20,978 Hayden Turnpike Suite 285,Jonestown,North Carolina,85601,14.973138,-86.193596
Warren Powell,18,1374 Lewis Shoals,Lake Tiffany,Virginia,74457,-60.153766,-82.7148955
Nathaniel Woods,22,42433 Lambert Burg Suite 483,Port Christinaside,Louisiana,41852,51.725920,7.3021145
Tyler Perez,67,473 Matthew Isle,Port Michaelstad,Tennessee,60477,-16.427857,-27.827031
Yolanda Velasquez,40,543 Yvette Mountain,Ronaldville,Arkansas,00757,-4.756223,77.9035295
Hannah Strickland,59,53965 James Lake Suite 588,South Meghanport,Oklahoma,17316,-61.718326,-41.281974
William Simpson,77,58637 Allison Club Suite 576,Beasleyberg,Mississippi,95963,-149.959783,-16.0705455
Mr. Christopher Park DDS,47,86420 Johnson Bridge,Deanland,Virginia,41953,152.275794,31.464258
Christopher Herring,22,77306 Joseph Cove,Port Antonio,Tennessee,81623,106.507789,-29.9985275
Jill Johnson,65,5949 Morris Wells Apt. 073,West Christinebury,Colorado,21260,-50.013690,83.964082
Samantha Lewis,80,5239 Robinson Divide Apt. 022,West Nicole,Hawaii,59472,-37.427296,88.2796515
James Lyons,73,6231 Taylor Locks Suite 151,Langburgh,Nebraska,05269,-17.801885,73.309267
Kimberly Davis,59,43660 Denise Meadow Suite 196,Port Patrickfurt,Hawaii,76641,-79.350010,-83.214820
Linda Higgins,39,534 Carlson Meadow Apt. 563,East Javierberg,Alaska,06611,-76.064445,-86.8878135
Sydney Rodriguez,32,2617 Lindsey Brooks,New Timothystad,Pennsylvania,63096,-23.675750,30.7247045
Paul Davis,58,3388 Howard Ports,East Edwardview,Kansas,11234,153.412932,-54.563575
Caitlin Mccarthy,69,162 Thomas Tunnel Suite 508,Elizabethfurt,California,73499,91.516951,-44.085455
Jeffery Lawrence,25,1806 Moyer Harbors,South Michaelland,Nevada,53035,-3.592363,22.0217855
Christine Smith,27,3494 Sheila River Suite 848,Shirleyberg,Kentucky,04743,132.813283,18.8155445
Courtney Peters,56,100 Austin Harbor Suite 404,Hendersonburgh,Colorado,08944,-151.288289,83.0412715
Jeremiah Young,54,27049 Derek Unions Suite 665,Taylorbury,Wyoming,37518,-157.431943,-43.1975755
Lisa Miller DVM,74,99539 Pennington Cliff Suite 737,Johnsonhaven,New Hampshire,27531,-67.434411,55.6828525
Abigail Smith,44,0835 Palmer Rest Apt. 889,Port Deannaburgh,Arizona,43693,1.499458,42.7210755
Stacey Jennings,45,628 Gilbert Shoals Apt. 494,Campbellborough,Florida,01994,-178.201015,38.6064085
Heather Knight,37,8791 Marcia Walk,New Jeffreymouth,Iowa,62712,-118.163466,-18.5795235
Christopher Bell,67,5049 Alex Spurs,Donton,Georgia,75694,-52.367892,20.5850315
Paul Aguirre,52,6260 Alicia Square,Christinashire,Oklahoma,92781,11.167625,-77.1692305
Peggy Robinson,47,806 Kathleen Walk Apt. 723,Kimberlyfurt,Minnesota,57924,34.590009,14.6734595
Matthew Hebert,35,722 Thompson Ridge,Michaelborough,Nebraska,10483,-150.271898,-41.8306185
Ryan Ware,26,060 Brown Extensions,West Andreaborough,New York,09789,-148.299849,20.7934515
Patrick Brown,79,5026 Hart Ports Apt. 495,North Charles,North Carolina,17982,-107.484770,-64.373330
Rhonda Carter,23,21889 Petersen Haven Suite 902,Lewisberg,Wyoming,37282,53.551555,-77.649059
Rebecca Mitchell,39,40528 Jack Stravenue,Christopherhaven,Tennessee,45332,25.598758,52.267621
Linda Wiggins,56,15500 Bryant Locks,Vegatown,South Dakota,68132,98.012914,-76.402535
Jasmine Ritter,59,2407 Marsh Fords Suite 510,Cummingsmouth,Michigan,40733,96.096912,-16.0078805
Melissa Moore,56,770 Pamela Crossroad Suite 449,Dianeton,Ohio,01053,-42.664301,53.003515
Thomas Rodriguez,58,45608 Steven Way,Port Erica,California,26900,-116.490902,-7.2709645
Michael Bowers,27,751 Snyder Plaza,Brianmouth,Michigan,94158,61.006750,78.640428
James Austin,37,6941 Garcia Mountains Apt. 388,Parkerton,Massachusetts,75764,21.040745,-44.6164385
Steven Hernandez,24,565 Claudia Skyway,Johnton,Pennsylvania,42015,-108.738867,-11.709943
Megan Ballard,56,00663 Charles Locks Suite 864,New Jennifer,Georgia,48747,-74.916168,87.5104485
Edward Harris,34,945 Eric Lane,Mayoborough,Massachusetts,98170,120.607788,-37.2708655
Perry Stewart,27,119 Brenda Summit,North Brendaborough,Mississippi,27295,-157.665693,-19.4773015
Kelsey Osborne,80,21277 Yvette Island,East Robyn,Idaho,17028,10.620835,-19.450799
Jeffrey Mata,65,055 Raven Pine Apt. 094,Georgestad,Nevada,13740,169.952275,-22.2331325
Whitney Bates,43,88131 Michael Viaduct,Port John,Minnesota,77531,-134.628004,-15.391858
Hannah Adams,63,7316 Kelsey Drives,Jodiborough,Illinois,62851,-62.646259,-18.480625
Glenn Walker,48,20958 Jeremy Forks,Cooperville,Utah,13766,166.284048,-82.8047175
Felicia Walton,61,0934 Peter Pine,Millsfort,Oklahoma,47916,105.834903,44.5419065
Gilbert Garcia,47,7685 Leslie Glen Apt. 858,Lake Robertoport,Montana,59378,59.414378,-31.0834635
Michael Smith,33,06289 Allison Tunnel,New Jasmine,Alabama,88797,-80.288435,5.099623
Brian Wall,68,46493 Justin Gardens,New Brianna,Maine,43543,-154.298732,21.449618
Tina Garcia,70,87634 James Springs Suite 699,East Cynthia,Arkansas,28653,66.067127,21.6661825
Sarah Henderson,33,430 Jeffery Bypass Apt. 859,New Tiffany,Florida,08627,-17.731070,1.0092105
Timothy Baxter,49,6785 Kimberly Lodge,Lake Jeremy,Wyoming,48506,43.125503,-75.450222
James Kelley,67,972 Randy Hollow,South Randy,California,05441,55.557707,-72.454029
Cindy Miller,55,180 Gentry Pike Suite 703,East Erik,Vermont,42518,41.533891,22.735305
Manuel Daniels,22,640 Robert Streets,Calhounberg,South Carolina,50434,-5.596558,-51.841655
Matthew Myers,38,06909 Kelly Coves Apt. 284,Youngfurt,Virginia,66625,-101.003225,-11.627984
Micheal Bryan,65,5244 May Lock Suite 187,Deannachester,Michigan,17856,98.287060,-2.396164
Ruth Oneill,66,965 Richard Extension,Thomaston,Delaware,67050,-94.373200,19.906555
Christopher Brown,21,12657 Myers Inlet,Port Tiffany,Minnesota,51976,-95.952869,-32.594491
Richard Tyler,68,96551 Fox Forest,New David,Missouri,02287,53.498722,-51.7782815
Chelsea Goodman,54,3457 Ryan Alley,Michellebury,Iowa,48747,-65.083306,-83.103458
Aaron Watson,64,8735 Tyler Turnpike Apt. 872,Rogerschester,Louisiana,99350,-170.817140,42.483924
Edward Graham,33,83920 Robinson Cliffs,Port Brianna,California,26151,-118.407223,63.139295
Lori Cruz,52,49223 Karen Lights,New Linda,Massachusetts,02842,132.277064,-45.679316
Cameron Ruiz,67,4976 Davenport Lake,Ortegamouth,Arizona,28731,-83.193441,-49.0704465
James Ray,63,1657 Danielle Overpass Suite 535,Cindyside,Wyoming,80065,66.459166,-71.355055
Cory Johnson,47,9621 Melton Centers,East Cherylview,Rhode Island,49866,75.437077,0.1540285
Kathleen Silva,64,759 Lucas Courts Suite 406,West Lisa,Vermont,66045,106.897529,1.831865
Joshua Campbell,44,101 Taylor Club Apt. 219,East Robertside,Montana,92366,-115.072822,-48.800797
Mr. Andrew Williams PhD,74,245 Townsend Fork Suite 515,Port Daniel,Pennsylvania,35675,-160.572498,16.4776295
Jeanette Moore,32,6277 Barbara Path,Lake Joseph,Missouri,49362,-15.084121,-70.5005175
Nicole Hernandez,32,8422 Cook Common,Staffordton,Montana,87562,166.131806,-9.6884125
Christina Harmon,47,5275 Cheryl Orchard Suite 310,Port James,Virginia,58223,-11.878253,-66.8998295
Nicole Stafford,48,0748 Evan Causeway,North Jeffrey,South Carolina,21900,-3.935554,-25.191809
Frank Wise,39,131 Stacy Islands Suite 354,Tracifurt,Connecticut,15036,57.154962,-45.2826485
Carly Johnson,75,52365 Daniel Shores Suite 895,Delgadoborough,New Jersey,67531,106.367214,-47.187510
Brandon Lewis,34,035 Kim Ferry,Matthewhaven,Michigan,69248,134.362393,-76.6301495
Kathryn Walker,27,989 Clark Lane Suite 103,Tinaton,Mississippi,40792,-179.014126,-5.711434
Howard Espinoza,33,1007 Cook Station,Lake Joseph,Tennessee,55533,-44.331782,48.716209
Sarah Taylor,30,74077 Jones Curve,West Karen,Maryland,43139,-51.373635,-57.3175675
Bradley Patel,20,9042 Steele Village,Lake Sydney,Montana,91793,-40.056760,-36.301169
Todd Wilcox,76,10112 Gonzalez Fords Suite 372,South Shannonfort,Alaska,54452,-127.022905,55.664218
Christopher Eaton,41,017 Carrie Junction,Castromouth,Hawaii,10098,-46.953236,7.574378
Amanda Hall,42,525 Buckley Ridge,Shafferport,Iowa,24293,-64.481485,-20.6514135
Melissa Walker,18,457 Peter View Apt. 792,Chloefurt,Rhode Island,76955,164.279967,69.3763455
John Weber,63,1077 Palmer Land Apt. 700,Stacybury,Louisiana,82717,10.237346,-22.3108075
James Miller,52,7067 Clark Lock Apt. 206,Chadtown,Oklahoma,81513,-154.471359,81.391280
Martha Craig,20,000 Bowman Point,West Johnton,Oklahoma,21095,149.527125,4.007028
Danny Webb,60,624 Rachel View Suite 974,Andersonborough,North Dakota,74307,-3.579390,-87.544231
Stacey Stewart,51,293 Hart Path,Wigginsfurt,Utah,73445,0.942064,-22.6776755
Ashley Arnold DDS,51,9195 Williams Spurs Suite 006,Donaldshire,Iowa,76445,-152.338766,-56.9503585
Richard Gomez,24,0009 Smith Parkways Apt. 258,Davidton,New York,92017,149.726815,-89.029264
Justin Hart,54,4437 House Bypass,Michaelton,West Virginia,68065,-145.186277,16.032378
Kara Howell,45,7789 Dean Pines,East Stephenside,Alabama,32936,4.581573,-66.002466
Anthony Long,31,585 Sharon Harbor Apt. 967,New Brendaland,Utah,50678,-57.824756,-66.8009155
Keith Jimenez,25,0279 White Circles Suite 728,Schneiderview,Rhode Island,13501,54.080923,-46.7406565
Tracy Diaz,43,797 Grant Rue,West Catherineberg,Idaho,20360,150.509874,6.3834855
Jason Brown PhD,75,22698 Wood Place Apt. 908,Shaneport,Maine,93562,-159.396437,87.6647025
Jose Hughes,29,445 Natalie Forges,Sethland,Nevada,09590,57.854641,5.657741
Antonio Perez,23,380 Travis Valley Apt. 806,North Josephshire,Hawaii,54489,-56.913974,48.450748
Matthew Wolf,29,630 Darrell Trace,Martinmouth,Wisconsin,95478,114.729005,-58.3162645
Jack Fernandez,18,5212 Pamela Villages Suite 175,Lake Wendy,Indiana,88879,133.383967,-30.5989595
Kelsey Hall,72,3732 Keith Parkway,East Patricia,Utah,68622,120.050245,-29.397211
Edward Schultz,39,90025 Salinas Burg Apt. 798,Annfurt,Wyoming,89772,167.632509,20.5889445
